#{"t_start": 1718347193.2796812, "env_id": "None"}
r,l,t
-4.0,5,0.080053
-2.0,3,0.15712
-3.0,4,0.236802
14.0,8,0.340638
-4.0,5,0.415822
-2.0,3,0.514666
-12.0,13,0.593968
-9.0,10,0.682014
16.0,6,0.766781
-2.0,3,0.845058
-6.0,7,0.938671
-1.0,2,1.026224
-7.0,8,1.102555
-1.0,2,1.204041
-3.0,4,1.27933
8.0,14,1.360574
17.0,5,1.437638
-3.0,4,1.516111
-5.0,6,1.603505
-4.0,5,1.689062
-2.0,3,1.766731
16.0,6,1.859556
19.0,3,1.941564
-3.0,4,2.022532
-5.0,6,2.109237
-5.0,6,2.189738
-2.0,3,2.265966
-5.0,6,2.352391
-5.0,6,2.430237
-10.0,11,2.513918
-3.0,4,2.605841
-2.0,3,2.682221
18.0,4,2.761199
14.0,8,2.85305
17.0,5,2.927339
-3.0,4,3.006874
14.0,8,3.102921
-2.0,3,3.186073
17.0,5,3.271615
-2.0,3,3.355047
-6.0,7,3.438524
19.0,3,3.516356
-1.0,2,3.594351
-1.0,2,3.674028
-2.0,3,3.752786
-1.0,2,3.834228
-1.0,2,3.908725
-9.0,10,3.994792
-13.0,14,4.078029
20.0,2,4.157236
18.0,4,4.241014
16.0,6,4.324878
-1.0,2,4.411121
20.0,2,4.49186
-6.0,7,4.574998
18.0,4,4.653309
20.0,2,4.73115
-1.0,2,4.81543
-1.0,2,4.88973
7.0,15,4.976576
-1.0,2,5.052705
-3.0,4,5.128823
-10.0,11,5.215107
-2.0,3,5.297974
-4.0,5,5.379872
-2.0,3,5.463136
11.0,11,5.560617
11.0,11,5.647056
17.0,5,5.745865
-3.0,4,5.827433
-5.0,6,5.907916
18.0,4,5.991439
16.0,6,6.075542
-5.0,6,6.155911
-3.0,4,6.236871
-3.0,4,6.333016
-8.0,9,6.42175
-1.0,2,6.499078
-2.0,3,6.576756
-1.0,2,6.671548
-3.0,4,6.755194
-1.0,2,6.83635
20.0,2,6.914922
-8.0,9,7.000489
-4.0,5,7.081312
18.0,4,7.162501
-2.0,3,7.251061
-4.0,5,7.355629
-2.0,3,7.432829
-5.0,6,7.515905
-3.0,4,7.596451
16.0,6,7.679505
-3.0,4,7.762936
-3.0,4,7.844546
11.0,11,7.927027
-9.0,10,8.011511
17.0,5,8.095205
20.0,2,8.175498
-3.0,4,8.259799
-2.0,3,8.338649
-7.0,8,8.420948
-5.0,6,8.503018
-3.0,4,8.579627
17.0,5,8.659274
-11.0,12,8.739841
-1.0,2,8.819867
-2.0,3,8.893013
-2.0,3,8.972102
-2.0,3,9.051194
-1.0,2,9.123823
-1.0,2,9.203317
-5.0,6,9.283481
-2.0,3,9.362292
-5.0,6,9.441312
18.0,4,9.519842
-4.0,5,9.600842
-3.0,4,9.679012
17.0,5,9.75765
18.0,4,9.837594
-2.0,3,9.915474
18.0,4,9.994128
20.0,2,10.070831
15.0,7,10.153015
19.0,3,10.236223
20.0,2,10.311721
-5.0,6,10.394764
20.0,2,10.472128
-5.0,6,10.554334
-14.0,15,10.641662
-2.0,3,10.718719
-3.0,4,10.797951
16.0,6,10.880555
-12.0,13,10.963887
-12.0,13,11.048783
-4.0,5,11.131037
-4.0,5,11.211008
17.0,5,11.292193
20.0,2,11.366514
-5.0,6,11.445935
-2.0,3,11.522685
-1.0,2,11.598184
-2.0,3,11.677279
-5.0,6,11.760611
-1.0,2,11.837785
-4.0,5,11.918075
-3.0,4,11.996889
-4.0,5,12.077883
-7.0,8,12.158594
-1.0,2,12.236701
-8.0,9,12.320967
-3.0,4,12.399052
-2.0,3,12.478158
-3.0,4,12.556842
-3.0,4,12.636344
16.0,6,12.717013
19.0,3,12.794687
-7.0,8,12.87798
-11.0,12,12.96228
-5.0,6,13.044349
-5.0,6,13.130342
-3.0,4,13.2078
-4.0,5,13.287842
-4.0,5,13.368573
-16.0,17,13.455517
-4.0,5,13.535733
-9.0,10,13.624483
-3.0,4,13.703825
13.0,9,13.787958
-1.0,2,13.868334
12.0,10,13.950486
-10.0,11,14.034935
-1.0,2,14.112849
-3.0,4,14.19323
-2.0,3,14.274729
-11.0,12,14.358991
17.0,5,14.437162
-2.0,3,14.513271
-4.0,5,14.594067
-4.0,5,14.672733
19.0,3,14.751063
-12.0,13,14.839542
-5.0,6,14.91809
17.0,5,14.998305
-2.0,3,15.079144
-5.0,6,15.162685
-9.0,10,15.246578
-14.0,15,15.334388
-2.0,3,15.415585
20.0,2,15.493289
-2.0,3,15.573551
-5.0,6,15.652237
-5.0,6,15.734957
-1.0,2,15.813112
-3.0,4,15.891282
-3.0,4,15.973002
-5.0,6,16.055808
-2.0,3,16.136602
-5.0,6,16.212949
-4.0,5,16.290447
17.0,5,16.37233
-3.0,4,16.453247
-4.0,5,16.530569
13.0,9,16.613824
-11.0,12,16.698164
-10.0,11,16.781759
-2.0,3,16.862135
-5.0,6,16.943011
-3.0,4,17.02201
-7.0,8,17.106802
19.0,3,17.187348
-20.0,21,17.27507
-2.0,3,17.357787
-5.0,6,17.439957
-8.0,9,17.525707
-2.0,3,17.600335
-10.0,11,17.685223
-5.0,6,17.769952
-3.0,4,17.851642
-7.0,8,17.931484
-17.0,18,18.020173
-1.0,2,18.100324
-5.0,6,18.178957
14.0,8,18.262416
-5.0,6,18.343866
-6.0,7,18.42558
-16.0,17,18.515661
-1.0,2,18.592866
17.0,5,18.6728
-1.0,2,18.749586
-2.0,3,18.830592
-7.0,8,18.913803
-2.0,3,18.991816
-3.0,4,19.071345
-1.0,2,19.152467
-3.0,4,19.23279
-2.0,3,19.312379
-5.0,6,19.392728
-1.0,2,19.472137
-3.0,4,19.549985
11.0,11,19.628178
-4.0,5,19.710993
-3.0,4,19.79315
20.0,2,19.871933
-11.0,12,19.956603
19.0,3,20.03548
16.0,6,20.114586
-2.0,3,20.192895
-5.0,6,20.274797
-3.0,4,20.357116
9.0,13,20.441378
-8.0,9,20.526143
-2.0,3,20.606874
-4.0,5,20.686641
-7.0,8,20.770574
-1.0,2,20.851276
-8.0,9,20.933626
-2.0,3,21.014648
-10.0,11,21.096876
20.0,2,21.176278
-6.0,7,21.260247
-5.0,6,21.34013
-3.0,4,21.421101
-10.0,11,21.508581
17.0,5,21.590188
-4.0,5,21.669672
-2.0,3,21.748985
-5.0,6,21.828247
-10.0,11,21.907684
17.0,5,21.990652
-6.0,7,22.078032
-1.0,2,22.153207
-1.0,2,22.231174
-2.0,3,22.309579
-3.0,4,22.390761
-3.0,4,22.470585
-1.0,2,22.550202
17.0,5,22.630391
-5.0,6,22.708376
18.0,4,22.788269
15.0,7,22.872856
-3.0,4,22.954313
-7.0,8,23.037924
-5.0,6,23.12012
-6.0,7,23.201783
11.0,11,23.281646
-3.0,4,23.362831
-3.0,4,23.443361
-5.0,6,23.526679
-2.0,3,23.605521
-1.0,2,23.686247
-2.0,3,23.766413
-10.0,11,23.849634
-8.0,9,23.934084
-1.0,2,24.01137
17.0,5,24.09266
-1.0,2,24.173721
-4.0,5,24.251645
-1.0,2,24.330967
-2.0,3,24.406283
-4.0,5,24.487583
-6.0,7,24.568841
-10.0,11,24.655083
-2.0,3,24.735449
-7.0,8,24.817116
-5.0,6,24.895288
17.0,5,24.979843
17.0,5,25.055368
-7.0,8,25.134592
-4.0,5,25.214236
-3.0,4,25.298969
-9.0,10,25.382118
-1.0,2,25.458556
17.0,5,25.537385
-12.0,13,25.627943
-13.0,14,25.713608
-4.0,5,25.793933
-1.0,2,25.870848
-2.0,3,25.950291
-3.0,4,26.031059
19.0,3,26.10831
-2.0,3,26.186395
-7.0,8,26.269006
-4.0,5,26.348596
-1.0,2,26.429101
-8.0,9,26.51057
-3.0,4,26.591975
-3.0,4,26.671445
-2.0,3,26.749735
-1.0,2,26.827388
19.0,3,26.906906
16.0,6,26.988471
-2.0,3,27.064722
-11.0,12,27.147896
12.0,10,27.235108
-4.0,5,27.313734
-2.0,3,27.393827
-6.0,7,27.479838
-3.0,4,27.560305
-3.0,4,27.641312
-7.0,8,27.723602
-4.0,5,27.805564
-9.0,10,27.890287
-9.0,10,27.978407
-3.0,4,28.05657
16.0,6,28.138796
-2.0,3,28.222904
16.0,6,28.307533
20.0,2,28.384711
18.0,4,28.466088
-8.0,9,28.550915
-2.0,3,28.632251
-11.0,12,28.718073
-8.0,9,28.802583
-1.0,2,28.878542
-1.0,2,28.953598
-4.0,5,29.037173
-11.0,12,29.123025
-9.0,10,29.206197
18.0,4,29.289664
-6.0,7,29.374616
-4.0,5,29.455528
17.0,5,29.538872
-5.0,6,29.621927
19.0,3,29.697731
-2.0,3,29.77603
-2.0,3,29.85905
9.0,13,29.947908
-5.0,6,30.032085
-1.0,2,30.110829
-4.0,5,30.196382
-5.0,6,30.278637
17.0,5,30.360005
-9.0,10,30.442566
-2.0,3,30.524625
-9.0,10,30.610842
-2.0,3,30.689841
-5.0,6,30.768231
-2.0,3,30.845715
13.0,9,30.930458
-9.0,10,31.01738
-5.0,6,31.095436
17.0,5,31.178898
-8.0,9,31.263537
-2.0,3,31.345115
-2.0,3,31.425025
19.0,3,31.507339
18.0,4,31.586767
-6.0,7,31.669522
-1.0,2,31.747508
-1.0,2,31.829383
-1.0,2,31.907932
-2.0,3,31.987228
-2.0,3,32.068635
-6.0,7,32.152833
-11.0,12,32.239019
19.0,3,32.319026
-6.0,7,32.403489
-2.0,3,32.484816
-2.0,3,32.565828
-2.0,3,32.644104
12.0,10,32.732634
-3.0,4,32.824083
-3.0,4,32.905493
-7.0,8,32.991114
-5.0,6,33.073705
-2.0,3,33.161451
-5.0,6,33.246872
-1.0,2,33.325905
-6.0,7,33.406582
-11.0,12,33.494239
-2.0,3,33.574235
-1.0,2,33.651531
-4.0,5,33.732433
-7.0,8,33.817207
-12.0,13,33.906028
-3.0,4,33.984235
18.0,4,34.065779
-7.0,8,34.150145
-4.0,5,34.232744
-4.0,5,34.314692
18.0,4,34.397838
-5.0,6,34.483983
-6.0,7,34.56567
20.0,2,34.647061
-5.0,6,34.729693
-3.0,4,34.812321
16.0,6,34.895145
-3.0,4,34.975138
-13.0,14,35.062226
-5.0,6,35.142352
-2.0,3,35.22406
-13.0,14,35.313486
-1.0,2,35.394751
-5.0,6,35.477882
-4.0,5,35.55965
18.0,4,35.640213
-2.0,3,35.721131
17.0,5,35.803607
-9.0,10,35.889871
-3.0,4,35.972461
-5.0,6,36.055434
-1.0,2,36.136679
-7.0,8,36.220235
16.0,6,36.301975
-4.0,5,36.38557
-3.0,4,36.468397
-4.0,5,36.548987
-7.0,8,36.629292
-9.0,10,36.716455
-9.0,10,36.804781
-10.0,11,36.891195
-4.0,5,36.972528
18.0,4,37.055606
17.0,5,37.135777
-6.0,7,37.222106
10.0,12,37.308494
-7.0,8,37.392646
20.0,2,37.471623
-6.0,7,37.556535
10.0,12,37.638569
-5.0,6,37.721254
-4.0,5,37.803542
-5.0,6,37.883035
-7.0,8,37.978138
-1.0,2,38.081901
-3.0,4,38.166584
-7.0,8,38.249348
-10.0,11,38.334698
-7.0,8,38.417813
-3.0,4,38.495478
-4.0,5,38.576117
-4.0,5,38.656029
-6.0,7,38.74408
13.0,9,38.826095
19.0,3,38.905879
-4.0,5,38.986933
-1.0,2,39.064474
-3.0,4,39.145087
-7.0,8,39.226379
17.0,5,39.30033
-4.0,5,39.380985
-5.0,6,39.459913
-5.0,6,39.539554
12.0,10,39.625123
-13.0,14,39.710962
16.0,6,39.795585
-4.0,5,39.876689
-2.0,3,39.957117
14.0,8,40.041035
-1.0,2,40.119227
-9.0,10,40.204418
17.0,5,40.285743
-6.0,7,40.365392
18.0,4,40.446354
-7.0,8,40.529833
-8.0,9,40.612906
-1.0,2,40.690752
-1.0,2,40.77195
-9.0,10,40.85533
-5.0,6,40.934404
-2.0,3,41.009699
-2.0,3,41.084571
-5.0,6,41.165854
-4.0,5,41.242777
-5.0,6,41.327842
16.0,6,41.409954
14.0,8,41.493767
17.0,5,41.574817
-5.0,6,41.656134
-3.0,4,41.73649
-4.0,5,41.81836
-3.0,4,41.900212
-3.0,4,41.978634
-2.0,3,42.05955
-12.0,13,42.143811
-4.0,5,42.222059
-1.0,2,42.302613
-3.0,4,42.382038
-5.0,6,42.462491
-3.0,4,42.542159
-2.0,3,42.622613
-5.0,6,42.706309
-5.0,6,42.786887
-3.0,4,42.867905
-7.0,8,42.951358
-3.0,4,43.029432
-2.0,3,43.107216
-4.0,5,43.188636
-4.0,5,43.268883
-2.0,3,43.350711
-4.0,5,43.428442
16.0,6,43.511358
-3.0,4,43.591536
-4.0,5,43.671617
-4.0,5,43.751982
-1.0,2,43.830718
-5.0,6,43.910712
17.0,5,43.993113
-2.0,3,44.065894
-1.0,2,44.144017
-11.0,12,44.230511
17.0,5,44.311133
-5.0,6,44.39625
18.0,4,44.477647
-2.0,3,44.55398
-5.0,6,44.635595
-9.0,10,44.720909
-6.0,7,44.803094
-2.0,3,44.879081
-3.0,4,44.960734
-1.0,2,45.039526
-5.0,6,45.121411
-3.0,4,45.199471
18.0,4,45.279465
12.0,10,45.363421
-3.0,4,45.445164
-3.0,4,45.526324
-4.0,5,45.609273
-2.0,3,45.688299
20.0,2,45.768896
18.0,4,45.850453
-7.0,8,45.931148
15.0,7,46.014152
-4.0,5,46.093531
-1.0,2,46.172324
-8.0,9,46.259789
-1.0,2,46.337768
-3.0,4,46.419713
19.0,3,46.500991
19.0,3,46.581822
-5.0,6,46.663704
17.0,5,46.74411
-1.0,2,46.82445
-2.0,3,46.900565
-2.0,3,46.977895
-8.0,9,47.063019
-7.0,8,47.144917
19.0,3,47.224599
-2.0,3,47.305572
-23.0,24,47.395984
-9.0,10,47.482984
-1.0,2,47.557286
-2.0,3,47.633413
-5.0,6,47.713688
-2.0,3,47.79375
-5.0,6,47.877716
17.0,5,47.958284
-5.0,6,48.039289
16.0,6,48.122548
-5.0,6,48.201492
-9.0,10,48.287157
16.0,6,48.367648
19.0,3,48.44253
-13.0,14,48.526419
16.0,6,48.607388
-4.0,5,48.687991
16.0,6,48.77307
17.0,5,48.85358
-1.0,2,48.931915
-1.0,2,49.0105
-4.0,5,49.090405
-5.0,6,49.172996
-8.0,9,49.258225
-2.0,3,49.339619
-11.0,12,49.426221
-4.0,5,49.506341
-8.0,9,49.590981
-3.0,4,49.671729
17.0,5,49.750765
-3.0,4,49.831995
-4.0,5,49.909915
13.0,9,49.987996
-3.0,4,50.066918
-2.0,3,50.146852
-2.0,3,50.225828
-8.0,9,50.310105
-4.0,5,50.389262
-8.0,9,50.468609
-4.0,5,50.552
-13.0,14,50.640274
-1.0,2,50.720322
-5.0,6,50.802582
13.0,9,50.886822
-3.0,4,50.967168
-6.0,7,51.051923
-12.0,13,51.138519
-5.0,6,51.22129
16.0,6,51.30444
20.0,2,51.384725
-2.0,3,51.461406
-1.0,2,51.538567
-7.0,8,51.622225
18.0,4,51.703219
-9.0,10,51.790679
19.0,3,51.868365
-2.0,3,51.950754
17.0,5,52.032494
16.0,6,52.112237
-2.0,3,52.193733
-2.0,3,52.270738
-2.0,3,52.351069
-12.0,13,52.434193
-13.0,14,52.520643
-5.0,6,52.602353
-6.0,7,52.685343
-3.0,4,52.765081
-1.0,2,52.844159
18.0,4,52.92609
-9.0,10,53.011713
-11.0,12,53.09634
-11.0,12,53.185271
-14.0,15,53.270176
17.0,5,53.349924
-3.0,4,53.431769
-2.0,3,53.508606
18.0,4,53.5902
19.0,3,53.672423
-2.0,3,53.750562
13.0,9,53.83717
-4.0,5,53.918438
-1.0,2,53.996902
17.0,5,54.079112
-7.0,8,54.1596
-3.0,4,54.240105
-2.0,3,54.315438
12.0,10,54.402519
-2.0,3,54.482776
-5.0,6,54.563013
-2.0,3,54.642338
-15.0,16,54.732672
-2.0,3,54.811542
-4.0,5,54.891689
-2.0,3,54.973753
-8.0,9,55.05996
-6.0,7,55.142165
-6.0,7,55.223764
-5.0,6,55.304459
-7.0,8,55.389708
-2.0,3,55.472023
-1.0,2,55.551353
-1.0,2,55.633708
-2.0,3,55.712127
-2.0,3,55.794214
-13.0,14,55.884625
-1.0,2,55.962501
-2.0,3,56.03972
-1.0,2,56.118662
-1.0,2,56.198719
-1.0,2,56.277528
-2.0,3,56.35747
-8.0,9,56.44172
-1.0,2,56.516919
-1.0,2,56.593786
-8.0,9,56.680005
-2.0,3,56.757432
-4.0,5,56.839631
-3.0,4,56.920581
18.0,4,56.995816
13.0,9,57.073117
-7.0,8,57.157987
-4.0,5,57.240004
-11.0,12,57.324856
-4.0,5,57.406539
-2.0,3,57.488259
-7.0,8,57.572596
-3.0,4,57.656112
-4.0,5,57.738591
-9.0,10,57.822935
-10.0,11,57.910564
19.0,3,57.987993
-2.0,3,58.067993
-3.0,4,58.148094
-8.0,9,58.232083
-5.0,6,58.315444
-4.0,5,58.393627
-9.0,10,58.480585
-2.0,3,58.559023
17.0,5,58.643371
-6.0,7,58.725281
17.0,5,58.809689
-6.0,7,58.891302
-4.0,5,58.974181
-2.0,3,59.047979
-14.0,15,59.13966
-6.0,7,59.225612
-1.0,2,59.304212
-6.0,7,59.389109
19.0,3,59.46967
-4.0,5,59.547197
-10.0,11,59.634576
-3.0,4,59.712949
-7.0,8,59.796209
16.0,6,59.878764
17.0,5,59.96138
9.0,13,60.048403
-1.0,2,60.127304
-3.0,4,60.206573
-2.0,3,60.286858
-1.0,2,60.366604
-3.0,4,60.446084
18.0,4,60.527148
-6.0,7,60.605609
-2.0,3,60.687748
-4.0,5,60.768882
-3.0,4,60.849257
-3.0,4,60.932862
-5.0,6,61.021744
-5.0,6,61.103896
-3.0,4,61.18316
-4.0,5,61.266216
-2.0,3,61.339841
-5.0,6,61.423182
16.0,6,61.505518
-3.0,4,61.583831
18.0,4,61.665452
-2.0,3,61.748246
-14.0,15,61.846201
19.0,3,61.932161
-4.0,5,62.020387
18.0,4,62.143016
12.0,10,62.227812
-2.0,3,62.308068
-5.0,6,62.392091
-6.0,7,62.472201
-3.0,4,62.550529
-3.0,4,62.632221
-5.0,6,62.716021
-2.0,3,62.801912
-13.0,14,62.887909
14.0,8,62.96972
-3.0,4,63.04672
-2.0,3,63.127936
12.0,10,63.212491
-2.0,3,63.290271
-1.0,2,63.36905
-13.0,14,63.452548
-2.0,3,63.532438
-4.0,5,63.611465
17.0,5,63.716183
-3.0,4,63.807287
-8.0,9,63.896259
-4.0,5,63.983879
-13.0,14,64.076197
-1.0,2,64.163032
-3.0,4,64.251409
-13.0,14,64.341605
-2.0,3,64.427676
13.0,9,64.518059
-3.0,4,64.626995
-2.0,3,64.735428
-2.0,3,64.832048
-5.0,6,64.91372
-7.0,8,64.998298
-1.0,2,65.077758
-2.0,3,65.158237
-4.0,5,65.239259
17.0,5,65.321079
-2.0,3,65.400896
-5.0,6,65.478671
-2.0,3,65.558069
-6.0,7,65.641163
-1.0,2,65.718937
14.0,8,65.802823
-4.0,5,65.885249
19.0,3,65.957803
-3.0,4,66.038296
-4.0,5,66.122609
-9.0,10,66.202806
-4.0,5,66.279784
-3.0,4,66.365889
-3.0,4,66.448417
-1.0,2,66.535535
18.0,4,66.623936
-1.0,2,66.702159
-9.0,10,66.797132
9.0,13,66.891567
-7.0,8,66.978744
-6.0,7,67.064944
-5.0,6,67.147099
-2.0,3,67.228223
-11.0,12,67.313719
-6.0,7,67.397515
-1.0,2,67.475433
-3.0,4,67.558062
-4.0,5,67.643271
-2.0,3,67.720087
-7.0,8,67.812387
-7.0,8,67.893915
-3.0,4,67.974754
-3.0,4,68.061058
18.0,4,68.145689
-4.0,5,68.225981
-4.0,5,68.315207
-8.0,9,68.402294
-6.0,7,68.485832
18.0,4,68.570259
-5.0,6,68.655857
-2.0,3,68.738633
-10.0,11,68.831235
-2.0,3,68.912703
-9.0,10,68.995157
-2.0,3,69.075778
-4.0,5,69.157368
-2.0,3,69.238115
-2.0,3,69.317303
-7.0,8,69.399983
-3.0,4,69.479438
-1.0,2,69.55568
-6.0,7,69.63998
-7.0,8,69.721642
-2.0,3,69.80092
-8.0,9,69.879869
-6.0,7,69.961176
-3.0,4,70.036887
-7.0,8,70.120514
-11.0,12,70.20526
-10.0,11,70.28839
17.0,5,70.371253
14.0,8,70.456125
-8.0,9,70.537055
-2.0,3,70.61526
-1.0,2,70.692382
-5.0,6,70.775802
19.0,3,70.849064
-8.0,9,70.934141
-2.0,3,71.010498
-6.0,7,71.09566
19.0,3,71.17676
-4.0,5,71.255841
-1.0,2,71.33623
-1.0,2,71.413931
-4.0,5,71.495549
-3.0,4,71.573419
-7.0,8,71.655577
-2.0,3,71.736478
-2.0,3,71.816445
5.0,17,71.899647
-7.0,8,71.980549
-1.0,2,72.060748
-6.0,7,72.138672
20.0,2,72.218271
-8.0,9,72.303884
-8.0,9,72.387758
-1.0,2,72.464061
7.0,15,72.55478
14.0,8,72.638598
-4.0,5,72.718621
-5.0,6,72.799673
15.0,7,72.883572
-4.0,5,72.963693
-4.0,5,73.043928
-5.0,6,73.127975
-6.0,7,73.206678
19.0,3,73.28692
-2.0,3,73.364397
-2.0,3,73.445274
-7.0,8,73.523299
-6.0,7,73.605993
-2.0,3,73.684618
-4.0,5,73.765802
15.0,7,73.845135
-2.0,3,73.921362
-7.0,8,74.002001
-2.0,3,74.082476
-1.0,2,74.161901
16.0,6,74.243867
-6.0,7,74.327483
-3.0,4,74.408324
18.0,4,74.4904
16.0,6,74.571634
-10.0,11,74.660045
17.0,5,74.741202
19.0,3,74.823025
-2.0,3,74.901608
-3.0,4,74.982147
18.0,4,75.064025
-10.0,11,75.149119
-4.0,5,75.229257
-1.0,2,75.305879
19.0,3,75.386616
12.0,10,75.472403
20.0,2,75.550311
-10.0,11,75.632675
-2.0,3,75.714021
15.0,7,75.796658
-3.0,4,75.877148
-6.0,7,75.968284
-2.0,3,76.048881
18.0,4,76.1295
-5.0,6,76.211634
-2.0,3,76.295149
-3.0,4,76.383029
-1.0,2,76.469427
18.0,4,76.556323
-6.0,7,76.641382
-4.0,5,76.73234
-2.0,3,76.815279
-7.0,8,76.906471
-7.0,8,76.99431
-2.0,3,77.078411
-19.0,20,77.168061
-4.0,5,77.249274
18.0,4,77.33059
-8.0,9,77.415099
-6.0,7,77.496825
-1.0,2,77.578973
-10.0,11,77.664357
19.0,3,77.741792
-8.0,9,77.842257
-3.0,4,77.930024
18.0,4,78.020077
-1.0,2,78.103908
-3.0,4,78.185603
-5.0,6,78.265285
-4.0,5,78.345049
-4.0,5,78.427197
-5.0,6,78.509012
-2.0,3,78.586012
-1.0,2,78.665257
-1.0,2,78.743093
-2.0,3,78.823486
-6.0,7,78.905629
-10.0,11,78.9888
-1.0,2,79.062858
16.0,6,79.146152
-4.0,5,79.222153
-4.0,5,79.297355
-10.0,11,79.384655
-3.0,4,79.464344
-10.0,11,79.548683
-2.0,3,79.628205
-5.0,6,79.712151
-1.0,2,79.788411
-10.0,11,79.880262
-1.0,2,79.960685
15.0,7,80.041625
-4.0,5,80.124864
-1.0,2,80.201503
-3.0,4,80.283532
-7.0,8,80.367326
-4.0,5,80.448276
-3.0,4,80.527283
-5.0,6,80.610248
-3.0,4,80.691119
-2.0,3,80.769965
-9.0,10,80.853998
-1.0,2,80.93393
-3.0,4,81.011995
-4.0,5,81.090702
-17.0,18,81.178302
16.0,6,81.26124
-2.0,3,81.341384
-3.0,4,81.422049
-4.0,5,81.50277
-3.0,4,81.583486
-3.0,4,81.664478
-6.0,7,81.743274
-4.0,5,81.823056
-7.0,8,81.906847
-7.0,8,81.990009
16.0,6,82.071192
-12.0,13,82.160895
-3.0,4,82.240852
-1.0,2,82.319466
14.0,8,82.403546
18.0,4,82.483313
-4.0,5,82.56356
-7.0,8,82.648787
-5.0,6,82.728857
-3.0,4,82.804513
-4.0,5,82.887403
-3.0,4,82.967202
-7.0,8,83.049547
-14.0,15,83.137979
-8.0,9,83.21971
-1.0,2,83.300907
-1.0,2,83.380172
-5.0,6,83.464581
9.0,13,83.552034
18.0,4,83.633214
-2.0,3,83.7133
-3.0,4,83.793087
19.0,3,83.870344
20.0,2,83.952219
-2.0,3,84.029335
-5.0,6,84.108433
-2.0,3,84.188414
18.0,4,84.264445
-3.0,4,84.345728
-2.0,3,84.426109
-16.0,17,84.513361
-6.0,7,84.592408
16.0,6,84.672866
-1.0,2,84.754902
-5.0,6,84.834833
-4.0,5,84.915896
-4.0,5,84.998014
-1.0,2,85.078599
-11.0,12,85.165225
-4.0,5,85.242918
17.0,5,85.324354
-7.0,8,85.410206
-7.0,8,85.494485
17.0,5,85.582252
-11.0,12,85.66803
17.0,5,85.751709
-6.0,7,85.83739
-3.0,4,85.920218
16.0,6,86.004718
-2.0,3,86.087054
-1.0,2,86.168306
-8.0,9,86.253305
-6.0,7,86.340403
19.0,3,86.426109
-3.0,4,86.509021
20.0,2,86.589438
19.0,3,86.670123
-4.0,5,86.750041
-5.0,6,86.827371
17.0,5,86.910037
-9.0,10,86.993836
18.0,4,87.079423
-3.0,4,87.159963
-2.0,3,87.242865
-4.0,5,87.323649
-2.0,3,87.403216
-2.0,3,87.488549
-18.0,19,87.586987
17.0,5,87.676484
-8.0,9,87.794756
-2.0,3,87.882507
10.0,12,87.975702
-1.0,2,88.055903
-1.0,2,88.140831
20.0,2,88.223366
-15.0,16,88.315505
-2.0,3,88.39671
-3.0,4,88.480524
-2.0,3,88.563909
-16.0,17,88.660091
-2.0,3,88.742701
-4.0,5,88.831479
-10.0,11,88.916345
15.0,7,89.001442
-3.0,4,89.084131
19.0,3,89.167826
-1.0,2,89.249551
-1.0,2,89.328042
-6.0,7,89.412479
-10.0,11,89.500253
-2.0,3,89.587867
16.0,6,89.680608
-3.0,4,89.763272
-4.0,5,89.842657
-5.0,6,89.933132
15.0,7,90.013167
-4.0,5,90.095409
-4.0,5,90.175536
-5.0,6,90.256266
-2.0,3,90.335664
-10.0,11,90.422638
-8.0,9,90.505502
-2.0,3,90.586844
-5.0,6,90.668902
-5.0,6,90.749767
-14.0,15,90.839595
-1.0,2,90.917379
-4.0,5,90.999163
-13.0,14,91.086473
-2.0,3,91.165043
-2.0,3,91.243711
-1.0,2,91.324551
-6.0,7,91.40455
-3.0,4,91.484242
-6.0,7,91.567128
-2.0,3,91.647604
-3.0,4,91.72745
20.0,2,91.808416
15.0,7,91.890641
-7.0,8,91.976258
-1.0,2,92.053281
-9.0,10,92.135389
19.0,3,92.216771
-6.0,7,92.296158
-3.0,4,92.373657
-3.0,4,92.453471
-6.0,7,92.534878
-3.0,4,92.614101
-1.0,2,92.687996
-4.0,5,92.765435
-5.0,6,92.847872
-1.0,2,92.925022
20.0,2,93.005329
18.0,4,93.087422
-3.0,4,93.167998
-1.0,2,93.240733
-2.0,3,93.320388
14.0,8,93.403329
-8.0,9,93.488691
18.0,4,93.571005
-13.0,14,93.661358
-3.0,4,93.742453
7.0,15,93.833039
16.0,6,93.915079
-2.0,3,93.997651
-10.0,11,94.081966
-4.0,5,94.160284
-4.0,5,94.240535
-7.0,8,94.324309
-1.0,2,94.404351
-7.0,8,94.489003
20.0,2,94.567901
-9.0,10,94.655935
-4.0,5,94.736542
11.0,11,94.822613
15.0,7,94.906083
-2.0,3,94.987026
-7.0,8,95.070729
15.0,7,95.156513
19.0,3,95.236123
-3.0,4,95.315361
-5.0,6,95.3977
-3.0,4,95.478634
18.0,4,95.559753
-2.0,3,95.645749
16.0,6,95.727365
-3.0,4,95.809416
-4.0,5,95.892937
-3.0,4,95.972038
-5.0,6,96.050774
-14.0,15,96.142116
-5.0,6,96.220415
-3.0,4,96.301405
17.0,5,96.386045
-2.0,3,96.465085
-3.0,4,96.544799
-7.0,8,96.627694
-3.0,4,96.704589
-3.0,4,96.786262
-6.0,7,96.866997
-1.0,2,96.948811
-2.0,3,97.022562
-1.0,2,97.101415
-12.0,13,97.188904
-7.0,8,97.271766
19.0,3,97.352366
-4.0,5,97.433421
20.0,2,97.514573
-2.0,3,97.591493
-5.0,6,97.676893
18.0,4,97.757612
-9.0,10,97.839636
15.0,7,97.924505
-2.0,3,98.00614
-5.0,6,98.086544
-2.0,3,98.164826
-5.0,6,98.249126
-14.0,15,98.335705
-7.0,8,98.419212
-4.0,5,98.500479
-3.0,4,98.579977
-6.0,7,98.662416
-8.0,9,98.746654
-4.0,5,98.825253
-1.0,2,98.903576
-1.0,2,98.984247
-3.0,4,99.065223
-5.0,6,99.145881
-4.0,5,99.229568
-6.0,7,99.311007
20.0,2,99.391548
9.0,13,99.480523
-13.0,14,99.574568
-3.0,4,99.666878
-5.0,6,99.751759
-1.0,2,99.837363
-1.0,2,99.922562
20.0,2,100.01014
-7.0,8,100.101002
-6.0,7,100.190713
-3.0,4,100.27542
-2.0,3,100.362931
-6.0,7,100.462424
-6.0,7,100.560797
-2.0,3,100.637502
14.0,8,100.720047
-4.0,5,100.805313
-5.0,6,100.883464
9.0,13,100.978585
-5.0,6,101.085657
-7.0,8,101.176208
-2.0,3,101.261986
-4.0,5,101.347016
-2.0,3,101.428286
-2.0,3,101.512847
-8.0,9,101.602781
-10.0,11,101.688634
18.0,4,101.771307
-7.0,8,101.858097
18.0,4,101.945014
-2.0,3,102.026226
-4.0,5,102.106553
20.0,2,102.186242
-6.0,7,102.269119
-9.0,10,102.354074
-9.0,10,102.439928
18.0,4,102.51776
-2.0,3,102.593811
-9.0,10,102.678777
-4.0,5,102.760021
-5.0,6,102.846041
-11.0,12,102.932859
17.0,5,103.013752
20.0,2,103.094368
14.0,8,103.178325
-5.0,6,103.263287
-1.0,2,103.342582
-1.0,2,103.425313
-10.0,11,103.513265
13.0,9,103.597696
-1.0,2,103.671525
12.0,10,103.75872
19.0,3,103.839328
15.0,7,103.916804
-3.0,4,103.998458
19.0,3,104.079643
-3.0,4,104.160468
-4.0,5,104.242452
-4.0,5,104.3314
9.0,13,104.423498
-3.0,4,104.507421
-2.0,3,104.591813
-5.0,6,104.676841
19.0,3,104.762535
-8.0,9,104.852751
-4.0,5,104.938109
19.0,3,105.022531
-1.0,2,105.10574
19.0,3,105.186751
15.0,7,105.275635
-3.0,4,105.36053
-3.0,4,105.445141
-5.0,6,105.530959
-2.0,3,105.611395
-3.0,4,105.696369
-11.0,12,105.786164
-2.0,3,105.866956
20.0,2,105.951123
-3.0,4,106.032652
-8.0,9,106.121048
-5.0,6,106.202197
-6.0,7,106.286086
-3.0,4,106.367094
20.0,2,106.446094
-2.0,3,106.526064
-2.0,3,106.611514
-6.0,7,106.698837
-3.0,4,106.782097
19.0,3,106.867101
-3.0,4,106.950709
-11.0,12,107.043472
-3.0,4,107.127509
-1.0,2,107.2096
-1.0,2,107.294458
-2.0,3,107.372222
19.0,3,107.454606
-9.0,10,107.546378
-3.0,4,107.631656
18.0,4,107.71501
-1.0,2,107.795986
-5.0,6,107.882507
-3.0,4,107.966615
-2.0,3,108.047514
-4.0,5,108.135307
-8.0,9,108.222601
-9.0,10,108.31013
-4.0,5,108.398067
-9.0,10,108.488509
-11.0,12,108.580371
12.0,10,108.671543
-1.0,2,108.748556
19.0,3,108.827322
-7.0,8,108.91554
-1.0,2,108.994874
-1.0,2,109.075689
-6.0,7,109.16307
-4.0,5,109.246702
-5.0,6,109.331357
-2.0,3,109.412569
-1.0,2,109.493383
19.0,3,109.573089
17.0,5,109.662227
-22.0,23,109.761635
18.0,4,109.845551
-2.0,3,109.927638
8.0,14,110.021981
-2.0,3,110.101267
-2.0,3,110.185446
-3.0,4,110.269888
-1.0,2,110.350656
17.0,5,110.436192
10.0,12,110.522801
-4.0,5,110.606431
-5.0,6,110.690741
-3.0,4,110.773439
-6.0,7,110.85634
14.0,8,110.945085
-2.0,3,111.027437
-3.0,4,111.112798
-1.0,2,111.19498
-5.0,6,111.280579
-5.0,6,111.368879
-9.0,10,111.456207
-2.0,3,111.541435
-3.0,4,111.625416
-6.0,7,111.712804
-4.0,5,111.792538
13.0,9,111.881802
-3.0,4,111.967905
-3.0,4,112.052016
-4.0,5,112.13605
-5.0,6,112.223651
-3.0,4,112.308838
-8.0,9,112.397831
-7.0,8,112.487065
19.0,3,112.571333
18.0,4,112.651158
-3.0,4,112.736111
-3.0,4,112.816463
-10.0,11,112.909163
-6.0,7,112.993162
10.0,12,113.085404
-9.0,10,113.182483
12.0,10,113.26802
-7.0,8,113.352557
-4.0,5,113.435604
-12.0,13,113.519053
-6.0,7,113.602657
20.0,2,113.680382
-3.0,4,113.763873
-11.0,12,113.852007
-4.0,5,113.934351
-2.0,3,114.015628
-2.0,3,114.097689
12.0,10,114.183439
13.0,9,114.270192
-7.0,8,114.355506
-8.0,9,114.439425
-1.0,2,114.519184
-1.0,2,114.600173
-3.0,4,114.680328
-8.0,9,114.76474
-1.0,2,114.844969
-2.0,3,114.919921
-3.0,4,114.998476
-12.0,13,115.094057
-9.0,10,115.177413
-10.0,11,115.265806
-4.0,5,115.347328
-6.0,7,115.429334
-7.0,8,115.51494
-3.0,4,115.597661
-7.0,8,115.683403
-3.0,4,115.765501
-3.0,4,115.845828
17.0,5,115.928078
-5.0,6,116.011829
-8.0,9,116.096881
-8.0,9,116.181251
-8.0,9,116.266555
-11.0,12,116.355588
-1.0,23,116.454603
-6.0,7,116.537706
18.0,4,116.617804
-3.0,4,116.698616
-5.0,6,116.780122
-6.0,7,116.865441
16.0,6,116.950826
17.0,5,117.035545
-4.0,5,117.113945
-2.0,3,117.191847
-7.0,8,117.273564
-8.0,9,117.359792
-2.0,3,117.439603
15.0,7,117.526462
-1.0,2,117.610176
-7.0,8,117.697072
13.0,9,117.777294
-6.0,7,117.86355
-7.0,8,117.950171
-3.0,4,118.029968
-3.0,4,118.109681
15.0,7,118.197585
-5.0,6,118.277478
-6.0,7,118.35786
-4.0,5,118.441687
-5.0,6,118.528132
16.0,6,118.610049
-1.0,2,118.692755
-3.0,4,118.774087
-2.0,3,118.850595
-4.0,5,118.931899
-2.0,3,119.013411
-5.0,6,119.094269
-1.0,2,119.175364
-1.0,2,119.253973
-3.0,4,119.334721
-1.0,2,119.418009
-4.0,5,119.497595
-1.0,2,119.572592
-4.0,5,119.655835
-1.0,2,119.732778
19.0,3,119.813733
14.0,8,119.898873
-5.0,6,119.981552
-2.0,3,120.062766
-2.0,3,120.143678
16.0,6,120.221009
-2.0,3,120.302979
19.0,3,120.385673
-1.0,2,120.463943
-4.0,5,120.548849
-6.0,7,120.629109
-8.0,9,120.716684
-5.0,6,120.794713
14.0,8,120.880564
-5.0,6,120.966432
-3.0,4,121.046711
-5.0,6,121.127295
-4.0,5,121.207943
-2.0,3,121.289479
20.0,2,121.370909
-1.0,2,121.448565
20.0,2,121.531393
19.0,3,121.609769
18.0,4,121.691182
-2.0,3,121.772716
-4.0,5,121.855584
-10.0,11,121.944506
-5.0,6,122.03194
-7.0,8,122.122219
-6.0,7,122.203836
-1.0,2,122.285085
-9.0,10,122.37178
-6.0,7,122.452818
-3.0,4,122.534674
-6.0,7,122.615989
-6.0,7,122.696911
-1.0,2,122.774906
-4.0,5,122.854929
-1.0,2,122.932774
-7.0,8,123.017017
-8.0,9,123.102071
-6.0,7,123.186028
-6.0,7,123.268658
16.0,6,123.349415
-3.0,4,123.43016
-8.0,9,123.51633
17.0,5,123.604224
-6.0,7,123.683749
-5.0,6,123.770233
-11.0,12,123.863253
-12.0,13,123.954571
-3.0,4,124.040116
16.0,6,124.130255
-1.0,2,124.215926
-2.0,3,124.293693
-2.0,3,124.379088
-5.0,6,124.459715
-4.0,5,124.544282
-3.0,4,124.623402
-7.0,8,124.709893
-5.0,6,124.788469
9.0,13,124.875968
-3.0,4,124.958703
-3.0,4,125.041727
-1.0,2,125.123284
-3.0,4,125.210731
-2.0,3,125.294261
-7.0,8,125.385289
-3.0,4,125.467632
-2.0,3,125.555455
-4.0,5,125.641764
16.0,6,125.733393
12.0,10,125.823716
-3.0,4,125.907749
7.0,15,126.002797
-2.0,3,126.088121
17.0,5,126.1746
-2.0,3,126.260324
-3.0,4,126.341684
-2.0,3,126.42366
18.0,4,126.505401
-3.0,4,126.585359
17.0,5,126.667784
-1.0,2,126.748177
17.0,5,126.83291
-3.0,4,126.915148
-3.0,4,126.998943
17.0,5,127.089962
-12.0,13,127.187487
18.0,4,127.274695
-4.0,5,127.355776
12.0,10,127.445572
-10.0,11,127.532371
-4.0,5,127.61324
-2.0,3,127.691013
18.0,4,127.771391
17.0,5,127.853031
-2.0,3,127.932693
-5.0,6,128.01444
-1.0,2,128.092756
-8.0,9,128.177351
-3.0,4,128.258076
-2.0,3,128.339751
-1.0,2,128.418602
-1.0,2,128.499345
-3.0,4,128.580894
-3.0,4,128.662556
-3.0,4,128.744143
13.0,9,128.830048
-10.0,11,128.917038
17.0,5,128.994795
-6.0,7,129.077338
16.0,6,129.1606
-1.0,2,129.238327
-4.0,5,129.321495
-8.0,9,129.407871
-2.0,3,129.491208
-4.0,5,129.573986
-6.0,7,129.658439
-7.0,8,129.738953
-1.0,2,129.816302
-9.0,10,129.899636
-1.0,2,129.976911
-8.0,9,130.062786
-5.0,6,130.141337
-3.0,4,130.22245
-2.0,3,130.30284
-4.0,5,130.385562
-2.0,3,130.464398
-2.0,3,130.545291
-12.0,13,130.632831
-5.0,6,130.715334
-14.0,15,130.805506
19.0,3,130.888191
8.0,14,130.974681
-6.0,7,131.054408
-10.0,11,131.136766
-2.0,3,131.215316
-1.0,2,131.293758
-1.0,2,131.376023
-3.0,4,131.459721
16.0,6,131.542948
-16.0,17,131.635647
-3.0,4,131.71819
17.0,5,131.803384
-2.0,3,131.882056
16.0,6,131.966176
-2.0,3,132.048356
-8.0,9,132.134534
-1.0,2,132.217513
18.0,4,132.301016
-5.0,6,132.384788
12.0,10,132.465707
-2.0,3,132.549563
-6.0,7,132.634739
-4.0,5,132.716325
-13.0,14,132.80792
14.0,8,132.895948
-7.0,8,132.976959
-3.0,4,133.057291
8.0,14,133.146172
-18.0,19,133.240416
-2.0,3,133.322674
-1.0,2,133.402451
17.0,5,133.486181
-8.0,9,133.575116
-11.0,12,133.662292
-5.0,6,133.744095
-5.0,6,133.826035
-1.0,2,133.90147
-6.0,7,133.983051
-3.0,4,134.063868
18.0,4,134.146152
-4.0,5,134.227444
-2.0,3,134.308788
-2.0,3,134.391623
13.0,9,134.476324
6.0,16,134.567563
-3.0,4,134.64891
14.0,8,134.732941
-5.0,6,134.812432
-4.0,5,134.897442
-1.0,2,134.975226
-1.0,2,135.05791
-2.0,3,135.137082
-3.0,4,135.219243
16.0,6,135.305925
-8.0,9,135.392658
-1.0,2,135.470729
-2.0,3,135.549397
-5.0,6,135.633166
-4.0,5,135.711226
-9.0,10,135.798181
-4.0,5,135.879852
-2.0,3,135.963006
-4.0,5,136.04144
17.0,5,136.12347
-5.0,6,136.208213
-2.0,3,136.28317
18.0,4,136.363993
16.0,6,136.441935
-12.0,13,136.528597
-1.0,2,136.609027
-4.0,5,136.687712
17.0,5,136.769326
18.0,4,136.849167
-4.0,5,136.932861
-9.0,10,137.018343
16.0,6,137.095671
-4.0,5,137.183272
-12.0,13,137.27983
-5.0,6,137.363459
14.0,8,137.450957
-8.0,9,137.539621
17.0,5,137.630075
-9.0,10,137.717855
14.0,8,137.806482
-4.0,5,137.886943
-6.0,7,137.96889
-2.0,3,138.044225
-4.0,5,138.124312
-1.0,2,138.203253
-6.0,7,138.282573
-17.0,18,138.371119
-2.0,3,138.446517
-3.0,4,138.526288
-15.0,16,138.61672
-1.0,2,138.690078
-2.0,3,138.770523
12.0,10,138.8582
-11.0,12,138.946245
-6.0,7,139.027147
-5.0,6,139.107044
-5.0,6,139.187904
-4.0,5,139.269941
-6.0,7,139.350527
-8.0,9,139.436626
-2.0,3,139.511074
-1.0,2,139.593216
-12.0,13,139.68044
-2.0,3,139.758335
-1.0,2,139.832512
-4.0,5,139.912556
-4.0,5,139.993767
-3.0,4,140.070335
-15.0,16,140.159503
15.0,7,140.244612
-1.0,2,140.319664
16.0,6,140.40507
12.0,10,140.491534
-3.0,4,140.572955
15.0,7,140.659605
18.0,4,140.742715
-7.0,8,140.829452
-5.0,6,140.910079
-7.0,8,140.995479
2.0,20,141.089082
-4.0,5,141.173043
-15.0,16,141.262171
20.0,2,141.340467
-3.0,4,141.419504
-5.0,6,141.502527
8.0,14,141.589654
-10.0,11,141.676935
-2.0,3,141.759346
-5.0,6,141.841779
-1.0,2,141.92459
-4.0,5,142.006125
-1.0,2,142.080876
15.0,7,142.165222
-3.0,4,142.2441
-2.0,3,142.324782
-7.0,8,142.409749
-11.0,12,142.499527
-6.0,7,142.583188
-7.0,8,142.665012
-8.0,9,142.750578
17.0,5,142.834833
-3.0,4,142.916587
-3.0,4,142.999678
-1.0,2,143.0791
-3.0,4,143.160798
-4.0,5,143.243892
-4.0,5,143.321778
-6.0,7,143.404532
-1.0,2,143.483306
-7.0,8,143.569251
-5.0,6,143.648513
-5.0,6,143.729464
-4.0,5,143.814775
18.0,4,143.895052
16.0,6,143.977755
-7.0,8,144.059719
-2.0,3,144.137048
19.0,3,144.218559
-3.0,4,144.297759
-1.0,2,144.376135
-3.0,4,144.456206
-3.0,4,144.538284
-5.0,6,144.620292
-14.0,15,144.70857
-2.0,3,144.790871
-6.0,7,144.875616
20.0,2,144.955307
-2.0,3,145.03543
12.0,10,145.126225
-4.0,5,145.208536
-14.0,15,145.30224
-8.0,9,145.389312
-2.0,3,145.467029
-13.0,14,145.554395
-1.0,2,145.635975
-10.0,11,145.720653
-10.0,11,145.807217
-10.0,11,145.892752
-1.0,2,145.973601
-5.0,6,146.060622
-12.0,13,146.149046
-6.0,7,146.232633
-2.0,3,146.314286
-2.0,3,146.390624
-2.0,3,146.47363
-5.0,6,146.562118
-3.0,4,146.647258
-1.0,2,146.728151
-4.0,5,146.813543
-6.0,7,146.901081
-2.0,3,146.985247
-15.0,16,147.079149
-3.0,4,147.163673
-5.0,6,147.248556
-4.0,5,147.336058
-3.0,4,147.420671
14.0,8,147.510125
-2.0,3,147.591334
-9.0,10,147.677027
-2.0,3,147.75676
-1.0,2,147.83777
-3.0,4,147.923824
16.0,6,148.010616
16.0,6,148.090991
13.0,9,148.178495
-4.0,5,148.263908
-5.0,6,148.349219
-1.0,2,148.433955
12.0,10,148.52248
18.0,4,148.605564
-5.0,6,148.692075
-5.0,6,148.777042
-2.0,3,148.859031
-11.0,12,148.94957
-2.0,3,149.031687
-4.0,5,149.113736
-1.0,2,149.19259
-5.0,6,149.276135
-2.0,3,149.354498
-4.0,5,149.436682
-10.0,11,149.524942
19.0,3,149.599297
-2.0,3,149.677474
17.0,5,149.760664
-6.0,7,149.842224
-12.0,13,149.925921
-5.0,6,150.01514
-2.0,3,150.101694
16.0,6,150.188325
-9.0,10,150.283328
19.0,3,150.365425
-6.0,7,150.455499
-4.0,5,150.540285
-2.0,3,150.625262
-1.0,2,150.709426
-8.0,9,150.799137
17.0,5,150.884645
-4.0,5,150.970448
15.0,7,151.059434
7.0,15,151.148045
-2.0,3,151.231639
-9.0,10,151.319486
-5.0,6,151.408447
-3.0,4,151.49351
6.0,16,151.589624
-11.0,12,151.682597
-5.0,6,151.763851
-1.0,2,151.847554
-1.0,2,151.925459
-2.0,3,152.00692
-7.0,8,152.095922
-2.0,3,152.176664
-2.0,3,152.257965
-3.0,4,152.340012
-4.0,5,152.427001
20.0,2,152.506392
-3.0,4,152.592203
-17.0,18,152.691781
-7.0,8,152.781826
14.0,8,152.872403
-17.0,18,152.967176
-4.0,5,153.052065
-2.0,3,153.136415
-1.0,2,153.217242
-7.0,8,153.303605
-5.0,6,153.387384
20.0,2,153.469835
-10.0,11,153.554155
-1.0,2,153.635111
-7.0,8,153.723239
-7.0,8,153.813561
10.0,12,153.906453
17.0,5,153.990362
15.0,7,154.078486
-2.0,3,154.162743
-1.0,2,154.244228
-1.0,2,154.328585
-6.0,7,154.415562
-1.0,2,154.498745
-3.0,4,154.580563
-1.0,2,154.664323
-15.0,16,154.760728
-18.0,19,154.859055
19.0,3,154.944658
-5.0,6,155.027214
-8.0,9,155.117349
-1.0,2,155.197559
13.0,9,155.286747
17.0,5,155.375965
19.0,3,155.458001
-6.0,7,155.541842
-1.0,2,155.622248
-4.0,5,155.702912
17.0,5,155.786434
19.0,3,155.872392
-2.0,3,155.953522
-3.0,4,156.038695
-3.0,4,156.121689
-3.0,4,156.198626
-3.0,4,156.28218
-1.0,2,156.357488
-4.0,5,156.438205
-1.0,2,156.518731
-1.0,2,156.597568
-10.0,11,156.684136
-11.0,12,156.771701
-6.0,7,156.854375
-2.0,3,156.93127
-6.0,7,157.010947
19.0,3,157.091787
-2.0,3,157.170128
-1.0,2,157.248614
-6.0,7,157.331021
-1.0,2,157.407843
-9.0,10,157.494366
-2.0,3,157.574975
11.0,11,157.661261
-4.0,5,157.739435
-1.0,2,157.818647
-12.0,13,157.907368
-6.0,7,157.989212
-14.0,15,158.076775
-8.0,9,158.156502
-1.0,2,158.237237
-8.0,9,158.317825
19.0,3,158.396389
-4.0,5,158.472882
-3.0,4,158.552993
-12.0,13,158.640681
-2.0,3,158.71822
-4.0,5,158.79763
-2.0,3,158.878351
20.0,2,158.958451
-2.0,3,159.034094
15.0,7,159.12008
-3.0,4,159.196071
-6.0,7,159.279994
-9.0,10,159.361593
13.0,9,159.448123
16.0,6,159.530192
18.0,4,159.609501
-1.0,2,159.690037
-4.0,5,159.771753
-1.0,2,159.847078
-9.0,10,159.929719
-2.0,3,160.009533
-3.0,4,160.090519
-6.0,7,160.1723
-9.0,10,160.26015
-3.0,4,160.341227
-2.0,3,160.417592
-11.0,12,160.505531
-1.0,2,160.579252
-6.0,7,160.657353
20.0,2,160.734496
-5.0,6,160.818475
-4.0,5,160.895386
-1.0,2,160.973372
13.0,9,161.05539
-11.0,12,161.13942
12.0,10,161.220881
-4.0,5,161.304259
-5.0,6,161.385298
-15.0,16,161.478028
-5.0,6,161.562395
-5.0,6,161.639294
-7.0,8,161.723109
-9.0,10,161.809651
-1.0,2,161.886719
-2.0,3,161.966766
-3.0,4,162.050723
-6.0,7,162.134554
-6.0,7,162.219759
17.0,5,162.306881
-2.0,3,162.388053
-1.0,2,162.467445
-1.0,2,162.543479
-3.0,4,162.622626
-2.0,3,162.704311
-12.0,13,162.790883
-6.0,7,162.871581
-2.0,3,162.951442
20.0,2,163.029229
18.0,4,163.11262
-6.0,7,163.195732
-8.0,9,163.282132
-1.0,2,163.365354
15.0,7,163.450735
-5.0,6,163.529746
-4.0,5,163.61164
15.0,7,163.692258
-4.0,5,163.775687
-7.0,8,163.859544
-3.0,4,163.942801
-4.0,5,164.030687
-7.0,8,164.11701
-3.0,4,164.198978
-2.0,3,164.27479
13.0,9,164.363019
-1.0,2,164.439312
-5.0,6,164.525235
16.0,6,164.607322
-2.0,3,164.685537
-9.0,10,164.771496
16.0,6,164.857074
20.0,2,164.930586
18.0,4,165.012404
-2.0,3,165.092436
-4.0,5,165.174235
-12.0,13,165.261384
-2.0,3,165.336562
-13.0,14,165.428279
-5.0,6,165.512559
-7.0,8,165.595318
-7.0,8,165.67644
-2.0,3,165.756826
-3.0,4,165.838969
18.0,4,165.91986
-8.0,9,166.004555
-1.0,2,166.085518
19.0,3,166.168154
-2.0,3,166.246237
-2.0,3,166.327664
-3.0,4,166.409523
-6.0,7,166.493958
-2.0,3,166.571984
-15.0,16,166.665726
14.0,8,166.752157
-1.0,2,166.829416
19.0,3,166.910833
-1.0,2,166.989203
-4.0,5,167.07048
-4.0,5,167.152761
17.0,5,167.235163
-1.0,2,167.318249
17.0,5,167.406015
-5.0,6,167.48791
-4.0,5,167.578526
-2.0,3,167.661044
-8.0,9,167.749912
-14.0,15,167.840661
-4.0,5,167.927136
-1.0,2,168.0058
17.0,5,168.08759
-10.0,11,168.175313
1.0,21,168.272268
-11.0,12,168.35956
-9.0,10,168.446885
-13.0,14,168.53685
-14.0,15,168.631847
-6.0,7,168.715787
-10.0,11,168.80073
-7.0,8,168.882261
-8.0,9,168.964401
-3.0,4,169.044691
-26.0,27,169.143109
-7.0,8,169.22888
-12.0,13,169.319764
-7.0,8,169.403994
-12.0,13,169.494829
-3.0,4,169.576801
-6.0,7,169.838127
18.0,4,169.923636
-3.0,4,170.01106
-3.0,4,170.09897
-1.0,2,170.177043
-1.0,2,170.257993
-2.0,3,170.343459
-3.0,4,170.426618
-1.0,2,170.504399
-2.0,3,170.589444
-5.0,6,170.673907
-6.0,7,170.760113
-3.0,4,170.840949
-4.0,5,170.923179
-2.0,3,171.00826
-14.0,15,171.102057
16.0,6,171.182924
-1.0,2,171.267902
-9.0,10,171.356859
-9.0,10,171.447403
11.0,11,171.539227
-1.0,2,171.61698
-9.0,10,171.708284
18.0,4,171.793634
18.0,4,171.879211
-4.0,5,171.960938
-6.0,7,172.051189
-5.0,6,172.13633
-5.0,6,172.221498
-5.0,6,172.303553
-1.0,2,172.388317
-3.0,4,172.474278
-5.0,6,172.555734
-5.0,6,172.640307
-12.0,13,172.729353
17.0,5,172.815485
18.0,4,172.899773
19.0,3,172.985173
-2.0,3,173.071932
15.0,7,173.157034
-2.0,3,173.237421
-9.0,10,173.324955
-5.0,6,173.406301
-1.0,2,173.486555
-5.0,6,173.568731
-7.0,8,173.657816
-13.0,14,173.753996
-9.0,10,173.840365
-1.0,2,173.925338
-7.0,8,174.012917
10.0,12,174.106851
-1.0,2,174.18382
-13.0,14,174.277548
20.0,2,174.365507
-5.0,6,174.45044
-5.0,6,174.537005
-5.0,6,174.622984
-3.0,4,174.708455
17.0,5,174.793586
-3.0,4,174.878447
-2.0,3,174.962635
20.0,2,175.043193
-6.0,7,175.132408
15.0,7,175.225425
-3.0,4,175.311559
20.0,2,175.391013
-4.0,5,175.477283
17.0,5,175.563648
-5.0,6,175.646163
-5.0,6,175.736949
-2.0,3,175.814734
-15.0,16,175.909806
20.0,2,175.994025
15.0,7,176.082128
-1.0,2,176.159674
-2.0,3,176.242596
-1.0,2,176.324707
-2.0,3,176.408732
-4.0,5,176.49458
-2.0,3,176.578047
-1.0,2,176.662653
-4.0,5,176.746841
16.0,6,176.826537
-5.0,6,176.912253
-1.0,2,176.99383
-5.0,6,177.079587
11.0,11,177.170162
15.0,7,177.255014
-12.0,13,177.349525
-3.0,4,177.434204
-7.0,8,177.517538
-19.0,20,177.612209
-7.0,8,177.699577
-5.0,6,177.780962
-8.0,9,177.868435
-4.0,5,177.956182
-9.0,10,178.044201
15.0,7,178.133832
-4.0,5,178.218534
12.0,10,178.312198
19.0,3,178.388173
-7.0,8,178.475706
-6.0,7,178.561079
-8.0,9,178.653605
15.0,7,178.736978
-13.0,14,178.833787
-4.0,5,178.915931
-16.0,17,179.013575
-4.0,5,179.104584
-4.0,5,179.196097
-2.0,3,179.28532
-2.0,3,179.374166
-9.0,10,179.469683
-3.0,4,179.557655
18.0,4,179.648606
-1.0,2,179.735824
-13.0,14,179.833451
-4.0,5,179.92128
-1.0,2,180.007286
-2.0,3,180.095535
-8.0,9,180.186423
-3.0,4,180.27536
-4.0,5,180.366652
-5.0,6,180.452198
-4.0,5,180.536677
-4.0,5,180.628989
-1.0,2,180.717879
8.0,14,180.821247
-2.0,3,180.898299
-3.0,4,180.979765
-5.0,6,181.06074
-2.0,3,181.140851
-3.0,4,181.222697
13.0,9,181.309371
-3.0,4,181.388525
18.0,4,181.470825
-3.0,4,181.549243
-13.0,14,181.634815
15.0,7,181.72029
-3.0,4,181.797332
-3.0,4,181.878526
-3.0,4,181.959086
-4.0,5,182.038078
-3.0,4,182.119556
-4.0,5,182.199932
-4.0,5,182.280732
15.0,7,182.364976
-2.0,3,182.443784
20.0,2,182.526312
17.0,5,182.607508
18.0,4,182.68439
-1.0,2,182.76248
-6.0,7,182.846593
-2.0,3,182.924764
-1.0,2,183.002203
-5.0,6,183.085587
14.0,8,183.170967
-5.0,6,183.257263
-8.0,9,183.338374
-4.0,5,183.418727
15.0,7,183.501523
-11.0,12,183.587284
19.0,3,183.669391
-5.0,6,183.748075
-1.0,2,183.830325
-1.0,2,183.90948
-1.0,2,183.98733
-4.0,5,184.064865
-1.0,2,184.1388
-2.0,3,184.219851
5.0,17,184.311479
-5.0,6,184.391533
-3.0,4,184.473056
-5.0,6,184.558429
-2.0,3,184.636404
-2.0,3,184.715035
-4.0,5,184.796576
18.0,4,184.879004
-1.0,2,184.959291
-5.0,6,185.038373
-6.0,7,185.124348
-4.0,5,185.205715
12.0,10,185.290079
-8.0,9,185.374079
-4.0,5,185.456809
-5.0,6,185.539475
10.0,12,185.629206
-1.0,2,185.702838
-3.0,4,185.789444
-6.0,7,185.878946
19.0,3,185.957867
-3.0,4,186.0445
-2.0,3,186.126014
-4.0,5,186.213822
-20.0,21,186.309706
1.0,21,186.407995
-2.0,3,186.493121
-2.0,3,186.579293
20.0,2,186.661449
-2.0,3,186.744607
-5.0,6,186.83077
5.0,17,186.93023
-2.0,3,187.010757
12.0,10,187.098255
-5.0,6,187.185066
-7.0,8,187.275312
-5.0,6,187.364995
-3.0,4,187.451262
-2.0,3,187.537781
-8.0,9,187.62465
-9.0,10,187.714288
-5.0,6,187.961212
12.0,10,188.042232
-3.0,4,188.123187
-5.0,6,188.203742
-4.0,5,188.281826
-4.0,5,188.36306
-4.0,5,188.442804
-6.0,7,188.523506
7.0,15,188.613487
-5.0,6,188.698607
-4.0,5,188.781388
-4.0,5,188.8594
-4.0,5,188.945487
-4.0,5,189.030939
-3.0,4,189.117521
15.0,7,189.20286
-2.0,3,189.285794
-2.0,3,189.367479
-4.0,5,189.454812
-2.0,3,189.541111
16.0,6,189.626063
19.0,3,189.712729
-3.0,4,189.794119
-6.0,7,189.879674
-1.0,2,189.960674
16.0,6,190.048998
-2.0,3,190.129082
-29.0,30,190.233686
-1.0,2,190.317413
-6.0,7,190.403506
-2.0,3,190.484396
-19.0,20,190.581874
-5.0,6,190.672134
-10.0,11,190.759387
-7.0,8,190.84891
-7.0,8,190.936564
-7.0,8,191.024398
-6.0,7,191.114747
-5.0,6,191.199822
-7.0,8,191.28697
-5.0,6,191.372388
19.0,3,191.458708
-1.0,2,191.536483
-1.0,2,191.620501
15.0,7,191.709065
-1.0,2,191.789963
-7.0,8,191.87472
9.0,13,191.968816
-10.0,11,192.05643
-6.0,7,192.142886
-1.0,2,192.223599
-15.0,16,192.316592
13.0,9,192.409959
-2.0,3,192.487187
-6.0,7,192.575231
-3.0,4,192.660624
-11.0,12,192.749283
-5.0,6,192.834224
-1.0,2,192.912707
17.0,5,192.997347
-7.0,8,193.085133
-5.0,6,193.174928
-7.0,8,193.260638
-3.0,4,193.338979
-1.0,2,193.41386
-2.0,3,193.490842
-7.0,8,193.574146
-2.0,3,193.650139
18.0,4,193.729431
6.0,16,193.81885
-1.0,2,193.895529
-1.0,2,193.988125
-2.0,3,194.085025
-2.0,3,194.161219
-6.0,7,194.242704
-4.0,5,194.324375
18.0,4,194.404803
18.0,4,194.485526
-2.0,3,194.566046
-14.0,15,194.653292
-8.0,9,194.738653
-2.0,3,194.819778
-4.0,5,194.900938
-3.0,4,194.982617
16.0,6,195.0669
19.0,3,195.146196
-3.0,4,195.223276
-9.0,10,195.308266
13.0,9,195.395586
-3.0,4,195.479402
-23.0,24,195.580558
-10.0,11,195.669089
15.0,7,195.758335
-4.0,5,195.843819
-8.0,9,195.933496
6.0,16,196.027992
-1.0,2,196.109451
-1.0,2,196.193509
-7.0,8,196.283296
-6.0,7,196.37085
-2.0,3,196.457157
-6.0,7,196.54422
-4.0,5,196.633234
-4.0,5,196.717905
14.0,8,196.808666
-8.0,9,196.897437
-3.0,4,196.979244
-6.0,7,197.064488
19.0,3,197.149678
-1.0,2,197.231976
14.0,8,197.31529
-4.0,5,197.401614
-11.0,12,197.49377
-1.0,2,197.578131
-1.0,2,197.656904
-5.0,6,197.742329
-3.0,4,197.827778
13.0,9,197.916401
-1.0,2,197.997824
17.0,5,198.082727
-7.0,8,198.171379
-3.0,4,198.253206
-8.0,9,198.339823
-10.0,11,198.433823
19.0,3,198.519027
-1.0,2,198.597388
-7.0,8,198.694398
-13.0,14,198.78678
19.0,3,198.866125
-5.0,6,198.955887
-7.0,8,199.0444
-17.0,18,199.14041
-12.0,13,199.232615
-9.0,10,199.322493
-7.0,8,199.408356
-3.0,4,199.491394
-1.0,2,199.575245
7.0,15,199.669625
-7.0,8,199.755481
-9.0,10,199.848186
18.0,4,199.933429
-2.0,3,200.019083
-1.0,2,200.098419
-3.0,4,200.183844
-4.0,5,200.267827
18.0,4,200.353459
-6.0,7,200.442087
11.0,11,200.535633
-2.0,3,200.616453
-5.0,6,200.702151
-4.0,5,200.787753
-1.0,2,200.869151
-7.0,8,200.964918
-2.0,3,201.050224
-5.0,6,201.132054
-4.0,5,201.218822
-7.0,8,201.308174
-3.0,4,201.392548
-4.0,5,201.48169
-4.0,5,201.563086
-3.0,4,201.647618
-7.0,8,201.736324
-8.0,9,201.824773
-3.0,4,201.910384
17.0,5,201.995044
-8.0,9,202.086761
-6.0,7,202.174915
-4.0,5,202.263906
17.0,5,202.343384
20.0,2,202.425943
-5.0,6,202.512411
-6.0,7,202.601386
-3.0,4,202.68574
-8.0,9,202.776132
-7.0,8,202.864105
-1.0,2,202.940456
14.0,8,203.02963
-4.0,5,203.11368
-7.0,8,203.200636
-10.0,11,203.287585
15.0,7,203.377835
-1.0,2,203.461162
-3.0,4,203.542983
-1.0,2,203.620322
20.0,2,203.705613
-1.0,2,203.783067
-9.0,10,203.876974
-3.0,4,203.968612
14.0,8,204.057866
-20.0,21,204.156784
-2.0,3,204.243596
-3.0,4,204.326439
-1.0,2,204.404432
-1.0,2,204.489966
11.0,11,204.580531
-14.0,15,204.673531
9.0,13,204.767718
18.0,4,204.855308
-1.0,2,204.940693
-3.0,4,205.0232
-4.0,5,205.109431
16.0,6,205.197312
20.0,2,205.280512
16.0,6,205.372137
-7.0,8,205.458213
-13.0,14,205.552683
6.0,16,205.649467
-51.0,52,205.778033
-24.0,25,205.881846
-3.0,4,205.96321
-11.0,12,206.054504
-5.0,6,206.14361
-1.0,2,206.221609
-5.0,6,206.305839
-6.0,7,206.394168
-21.0,22,206.493604
17.0,5,206.579458
-3.0,4,206.662174
-3.0,4,206.747018
19.0,3,206.831427
10.0,12,206.923473
-3.0,4,207.005026
-3.0,4,207.089736
4.0,18,207.186711
-6.0,7,207.27252
12.0,10,207.360515
-26.0,27,207.459619
-1.0,2,207.535912
-7.0,8,207.620996
-1.0,2,207.701255
12.0,10,207.786592
-1.0,2,207.866387
20.0,2,207.945828
19.0,3,208.026528
-5.0,6,208.107385
-4.0,5,208.18841
-13.0,14,208.277484
-4.0,5,208.356273
17.0,5,208.440126
15.0,7,208.522153
-3.0,4,208.604515
18.0,4,208.685132
-4.0,5,208.766486
15.0,7,208.845649
-2.0,3,208.921603
-1.0,2,208.997382
-3.0,4,209.078871
-1.0,2,209.153825
-14.0,15,209.247187
-2.0,3,209.325179
-7.0,8,209.407685
19.0,3,209.496517
-3.0,4,209.583477
-4.0,5,209.666379
-5.0,6,209.748717
-3.0,4,209.827097
-4.0,5,209.906473
-7.0,8,209.990543
-1.0,2,210.073088
-3.0,4,210.155439
-4.0,5,210.237202
-7.0,8,210.318696
-2.0,3,210.39996
20.0,2,210.47812
8.0,14,210.568864
-3.0,4,210.647953
-7.0,8,210.73069
-9.0,10,210.815397
-9.0,31,210.920202
2.0,20,211.01381
-2.0,3,211.090774
-3.0,4,211.17323
-13.0,14,211.263927
-7.0,8,211.349296
1.0,21,211.448241
-8.0,9,211.529755
-1.0,2,211.608128
19.0,3,211.695808
-5.0,6,211.781533
-6.0,7,211.864515
-9.0,10,211.95972
-5.0,6,212.044744
-9.0,10,212.134662
-1.0,2,212.216611
-2.0,3,212.302787
-1.0,2,212.388725
-11.0,12,212.479513
-4.0,5,212.561992
-4.0,5,212.64328
-2.0,3,212.729673
-6.0,7,212.818854
19.0,3,212.901813
-2.0,3,212.984832
-2.0,3,213.070658
-3.0,4,213.157707
19.0,3,213.243427
-4.0,5,213.329766
13.0,9,213.420923
-13.0,14,213.516855
10.0,12,213.611356
18.0,4,213.697335
-13.0,14,213.789151
19.0,3,213.874083
19.0,3,213.959826
-3.0,4,214.047734
-7.0,8,214.139868
-3.0,4,214.222442
-2.0,3,214.306933
-5.0,6,214.392285
-7.0,8,214.479261
16.0,6,214.56676
-1.0,2,214.651841
10.0,12,214.746584
-5.0,6,214.834571
9.0,13,214.926186
-2.0,3,215.010656
-4.0,5,215.099936
-3.0,4,215.186262
-11.0,12,215.276257
20.0,2,215.359212
-8.0,9,215.446941
17.0,5,215.537356
-2.0,3,215.622667
17.0,5,215.712237
-1.0,2,215.791914
18.0,4,215.872658
19.0,3,215.954022
-4.0,5,216.035056
-6.0,7,216.118958
-4.0,5,216.199656
-2.0,3,216.277592
-1.0,2,216.35199
-12.0,13,216.444828
-1.0,2,216.52099
-2.0,3,216.602451
12.0,10,216.692037
-4.0,5,216.780435
-4.0,5,216.866228
-3.0,4,216.950459
20.0,2,217.031299
-15.0,16,217.12274
18.0,4,217.206949
-6.0,7,217.291574
-5.0,6,217.376476
-6.0,7,217.463197
-4.0,5,217.549462
-9.0,10,217.639612
-3.0,4,217.72135
-3.0,4,217.805557
-4.0,5,217.891119
12.0,10,217.985921
-5.0,6,218.074712
-2.0,3,218.159167
16.0,6,218.251362
-5.0,6,218.335899
-8.0,9,218.423065
-1.0,2,218.509384
-11.0,12,218.600295
17.0,5,218.689059
20.0,2,218.776344
-1.0,2,218.85885
18.0,4,218.945021
-7.0,8,219.037895
-2.0,3,219.1338
-4.0,5,219.259767
-2.0,3,219.349646
19.0,3,219.441077
17.0,5,219.534959
19.0,3,219.637569
-1.0,2,219.726864
-4.0,5,219.810619
-8.0,9,219.901579
-2.0,3,219.984754
3.0,19,220.087482
-10.0,11,220.183325
-2.0,3,220.268537
-2.0,3,220.352463
-4.0,5,220.442534
18.0,4,220.52749
-40.0,41,220.650851
-7.0,8,220.73981
-3.0,4,220.824289
-21.0,22,220.931788
-3.0,4,221.014381
-23.0,24,221.115086
15.0,7,221.203964
-9.0,10,221.294892
17.0,5,221.38397
19.0,3,221.46526
-3.0,4,221.552515
-3.0,4,221.635888
-13.0,14,221.733716
15.0,7,221.817641
-3.0,4,221.898663
5.0,17,221.989415
17.0,5,222.072097
-6.0,7,222.155069
-11.0,12,222.240425
-3.0,4,222.321902
-4.0,5,222.401791
-1.0,2,222.477286
-11.0,12,222.566149
-11.0,12,222.656439
-2.0,3,222.738447
16.0,6,222.825765
-7.0,8,222.915498
-4.0,5,222.997903
-1.0,23,223.108572
18.0,4,223.194752
-2.0,3,223.276174
15.0,7,223.36422
-2.0,3,223.445294
-2.0,3,223.526881
-16.0,17,223.622129
-3.0,4,223.708962
-4.0,5,223.794427
17.0,5,223.879312
-9.0,10,223.965314
-3.0,4,224.051252
-2.0,3,224.135439
-2.0,3,224.221435
-9.0,10,224.312263
-5.0,6,224.405453
-4.0,5,224.490492
-23.0,24,224.59018
-2.0,3,224.674057
-7.0,8,224.763243
19.0,3,224.847276
-2.0,3,224.926933
-3.0,4,225.012928
-23.0,24,225.114868
-2.0,3,225.200715
20.0,2,225.286233
-5.0,6,225.372326
-11.0,12,225.46423
-17.0,18,225.564957
-12.0,13,225.657956
17.0,5,225.743505
-2.0,3,225.824149
15.0,7,225.912762
14.0,8,225.997203
19.0,3,226.075585
5.0,17,226.167922
-12.0,13,226.256548
-1.0,2,226.334343
18.0,4,226.414946
-9.0,10,226.50169
-11.0,12,226.585355
-8.0,9,226.684462
16.0,6,226.770633
-8.0,9,226.860738
20.0,2,226.938173
13.0,9,227.031628
-12.0,13,227.125923
-6.0,7,227.216167
-3.0,4,227.299556
16.0,6,227.381536
-2.0,3,227.461094
17.0,5,227.543384
-1.0,2,227.623958
-8.0,9,227.707069
12.0,10,227.793832
-10.0,11,227.882252
-12.0,13,227.971324
-7.0,8,228.052898
-3.0,4,228.1327
-4.0,5,228.214076
13.0,9,228.299614
-1.0,2,228.378676
-2.0,3,228.455402
-3.0,4,228.533381
14.0,8,228.616217
-8.0,9,228.698303
14.0,8,228.782629
19.0,3,228.86318
-3.0,4,228.94364
-7.0,8,229.025828
-3.0,4,229.107973
-7.0,8,229.192895
19.0,3,229.273565
-1.0,2,229.352889
7.0,15,229.443323
-3.0,4,229.529732
-21.0,22,229.628458
-1.0,2,229.706249
-4.0,5,229.78795
-17.0,18,229.885348
-8.0,9,229.975104
-2.0,3,230.056669
-11.0,12,230.14817
-8.0,9,230.236979
17.0,5,230.322922
18.0,4,230.40619
-1.0,2,230.490179
-3.0,4,230.574735
-23.0,24,230.674945
-10.0,11,230.764415
13.0,9,230.848931
-6.0,7,230.937932
18.0,4,231.024322
16.0,6,231.10864
-10.0,11,231.201421
-6.0,7,231.285841
-10.0,11,231.374502
-4.0,5,231.46316
20.0,2,231.544116
-18.0,19,231.64367
-2.0,3,231.727826
-6.0,7,231.813526
13.0,9,231.907384
-5.0,6,231.991388
-1.0,2,232.071655
-1.0,2,232.151435
-7.0,8,232.240905
15.0,7,232.329045
-3.0,4,232.410644
-8.0,9,232.499675
-5.0,6,232.586713
20.0,2,232.668693
20.0,2,232.7544
-5.0,6,232.836222
-1.0,2,232.916383
-11.0,12,233.005495
16.0,6,233.08762
-9.0,10,233.179753
-3.0,4,233.265137
-3.0,4,233.347816
-8.0,9,233.437493
-2.0,3,233.523306
-3.0,4,233.609335
-7.0,8,233.700329
-6.0,7,233.785063
-5.0,6,233.87411
-4.0,5,233.960347
-1.0,2,234.043923
-6.0,7,234.130365
15.0,7,234.218322
-6.0,7,234.30407
20.0,2,234.386228
19.0,3,234.471293
15.0,7,234.556286
-4.0,5,234.642268
-8.0,9,234.734727
-15.0,16,234.991576
15.0,7,235.083456
-8.0,9,235.171533
-4.0,5,235.262904
19.0,3,235.345392
-5.0,6,235.437163
-3.0,4,235.527774
18.0,4,235.61649
-3.0,4,235.723281
14.0,8,235.832042
9.0,13,235.925362
-5.0,6,236.012516
-4.0,5,236.111404
-3.0,4,236.198638
20.0,2,236.283824
-14.0,15,236.383413
6.0,16,236.479105
-13.0,14,236.574228
-1.0,2,236.661262
-3.0,4,236.749157
-2.0,3,236.835547
-4.0,5,236.91919
-12.0,13,237.012882
-4.0,5,237.097313
-9.0,10,237.188361
-5.0,6,237.297876
-19.0,20,237.406629
-7.0,8,237.497572
-1.0,2,237.58342
13.0,9,237.677805
-7.0,8,237.787563
-5.0,6,237.878514
16.0,6,237.968143
-1.0,2,238.051942
-7.0,8,238.141572
-2.0,3,238.241625
-6.0,7,238.326058
-2.0,3,238.408541
-5.0,6,238.495907
-5.0,6,238.584157
-10.0,11,238.674479
-4.0,5,238.769932
19.0,3,238.857299
17.0,5,238.944935
16.0,6,239.036544
-2.0,3,239.116123
-3.0,4,239.210735
-16.0,17,239.313308
6.0,16,239.41336
-5.0,6,239.499809
-7.0,8,239.606517
-5.0,6,239.700091
-3.0,4,239.788295
-25.0,26,239.893516
-3.0,4,239.981084
-3.0,4,240.069258
-1.0,2,240.157938
11.0,11,240.246088
-5.0,6,240.340292
19.0,3,240.427433
20.0,2,240.508272
-13.0,14,240.607645
-4.0,5,240.69533
-3.0,4,240.78299
-7.0,29,240.890724
20.0,2,240.976722
-4.0,5,241.065776
11.0,11,241.160916
-3.0,4,241.248453
18.0,4,241.336863
-6.0,7,241.420775
-2.0,3,241.50604
16.0,6,241.594033
15.0,7,241.679878
-5.0,6,241.76666
-2.0,3,241.852604
-5.0,6,241.940414
-7.0,8,242.028349
-6.0,7,242.118554
20.0,2,242.199959
-8.0,9,242.293344
16.0,6,242.381028
-9.0,10,242.472228
12.0,10,242.563861
-11.0,12,242.656904
-6.0,7,242.743607
-2.0,3,242.828141
-2.0,3,242.910879
19.0,3,242.994567
16.0,6,243.083906
-17.0,18,243.181296
-11.0,12,243.274785
7.0,15,243.371457
-2.0,3,243.454186
10.0,12,243.550881
-24.0,25,243.66188
-2.0,3,243.744699
-5.0,6,243.832
-1.0,2,243.915259
-3.0,4,244.002635
-9.0,10,244.094824
-6.0,7,244.186966
20.0,2,244.269311
-10.0,11,244.361844
9.0,13,244.452858
-1.0,2,244.534295
-8.0,9,244.622185
-1.0,2,244.708288
-2.0,3,244.786119
-1.0,2,244.868469
20.0,2,244.945144
-8.0,9,245.037314
3.0,19,245.135197
-22.0,23,245.2379
-1.0,2,245.323813
-8.0,9,245.413553
-6.0,7,245.504908
-2.0,3,245.586411
-6.0,7,245.676317
-4.0,5,245.764161
-3.0,4,245.847648
-14.0,15,245.944234
14.0,8,246.035722
-9.0,10,246.128056
-6.0,7,246.2161
-8.0,9,246.308124
-12.0,13,246.397679
1.0,21,246.499112
17.0,5,246.584539
-4.0,5,246.674676
-13.0,14,246.768173
-3.0,4,246.849436
-1.0,2,246.93387
-10.0,11,247.02148
-6.0,7,247.10999
-6.0,7,247.199162
-3.0,4,247.281933
-6.0,7,247.36586
-5.0,6,247.447355
-1.0,2,247.528136
17.0,5,247.609868
12.0,10,247.69512
-10.0,11,247.78207
19.0,3,247.861686
-4.0,5,247.940068
20.0,2,248.020495
20.0,2,248.097488
-6.0,7,248.178266
-7.0,8,248.260983
14.0,8,248.345133
-10.0,11,248.432752
15.0,7,248.514301
17.0,5,248.596768
-2.0,3,248.6746
-23.0,24,248.771596
-6.0,7,248.854913
-1.0,2,248.931543
-4.0,5,249.009134
16.0,6,249.089298
16.0,6,249.172606
20.0,2,249.245151
11.0,11,249.327819
-3.0,4,249.405919
-4.0,5,249.48924
-3.0,4,249.56734
-2.0,3,249.644469
18.0,4,249.724707
-8.0,9,249.807961
-4.0,5,249.890098
-4.0,5,249.968511
7.0,15,250.059641
-2.0,3,250.141446
-13.0,14,250.234083
-6.0,7,250.323189
-2.0,3,250.404678
19.0,3,250.488965
-3.0,4,250.571911
14.0,8,250.661516
-5.0,6,250.755493
-8.0,9,250.845583
-10.0,11,250.935778
-1.0,2,251.01958
-2.0,3,251.104848
-5.0,6,251.188182
19.0,3,251.273659
8.0,14,251.365934
-4.0,5,251.452353
-11.0,12,251.546638
-13.0,14,251.641389
1.0,21,251.746832
-10.0,11,251.836477
11.0,11,251.929346
-8.0,9,252.019227
-2.0,3,252.106167
-2.0,3,252.186646
-2.0,3,252.2728
-7.0,8,252.361295
-11.0,12,252.451198
-1.0,2,252.534001
-2.0,3,252.620042
-5.0,6,252.702338
-4.0,5,252.788202
-4.0,5,252.870265
-2.0,3,252.956269
-1.0,2,253.037266
13.0,9,253.121777
-7.0,8,253.209584
-9.0,10,253.302684
-12.0,13,253.392989
19.0,3,253.472427
20.0,2,253.548528
-7.0,8,253.640074
-3.0,4,253.726299
-5.0,6,253.81102
-1.0,2,253.892278
-1.0,2,253.97347
-10.0,11,254.066094
-1.0,2,254.147296
-8.0,9,254.235177
11.0,11,254.338474
-4.0,5,254.443725
-4.0,5,254.531186
-6.0,7,254.618594
-4.0,5,254.707603
16.0,6,254.789116
-1.0,2,254.873621
-8.0,9,254.963366
15.0,7,255.052808
-10.0,11,255.139941
-19.0,20,255.238578
-14.0,15,255.334438
-9.0,10,255.426929
-11.0,12,255.519989
15.0,7,255.606405
-3.0,4,255.688297
19.0,3,255.77451
-1.0,2,255.858197
-10.0,11,255.947148
-8.0,9,256.035722
-4.0,5,256.12193
19.0,3,256.206601
20.0,2,256.282797
-10.0,11,256.375019
-1.0,2,256.455544
-4.0,5,256.543759
-16.0,17,256.641666
-5.0,6,256.724708
19.0,3,256.809104
-3.0,4,256.892574
-4.0,5,256.975358
14.0,8,257.06546
-8.0,9,257.158798
-2.0,3,257.242461
-4.0,5,257.333476
-17.0,18,257.431602
-9.0,10,257.525573
-8.0,9,257.61586
-1.0,2,257.697054
-2.0,3,257.779227
-9.0,10,257.870292
15.0,7,257.957508
-14.0,15,258.053176
-4.0,5,258.138631
-4.0,5,258.231421
15.0,7,258.319951
-8.0,9,258.412707
11.0,11,258.503768
-17.0,18,258.605641
-8.0,9,258.691862
18.0,4,258.777891
-12.0,13,258.866775
18.0,4,258.942729
-15.0,16,259.032148
20.0,2,259.11226
-2.0,3,259.189723
-5.0,6,259.271665
7.0,15,259.358806
-11.0,12,259.448373
-7.0,8,259.537243
-8.0,9,259.628383
-5.0,6,259.719996
-2.0,3,259.802041
-7.0,8,259.891515
-15.0,16,259.985341
-10.0,11,260.073986
-6.0,7,260.160586
-14.0,15,260.254382
-10.0,11,260.341037
-4.0,5,260.427872
-5.0,6,260.514517
-4.0,5,260.598003
-8.0,9,260.687261
-10.0,11,260.780554
-11.0,12,260.875251
-6.0,7,260.965853
-5.0,6,261.055063
12.0,10,261.143788
-13.0,14,261.237772
-4.0,5,261.320453
18.0,4,261.406294
-24.0,25,261.507904
19.0,3,261.594359
-5.0,6,261.682405
-12.0,13,261.78024
20.0,2,261.86301
-11.0,12,261.951764
13.0,9,262.038997
11.0,11,262.124565
-11.0,12,262.213379
-9.0,10,262.307036
-35.0,57,262.437683
-3.0,4,262.518163
-24.0,25,262.619933
-2.0,3,262.704271
-1.0,2,262.785517
-20.0,21,262.881898
18.0,4,262.965152
-3.0,4,263.045875
-5.0,6,263.125468
-11.0,12,263.212165
-1.0,2,263.294113
-14.0,15,263.384831
-10.0,11,263.4749
-1.0,2,263.557137
-12.0,13,263.644247
-2.0,3,263.725297
-8.0,9,263.809937
19.0,3,263.892638
-9.0,10,263.981254
13.0,9,264.068236
-5.0,6,264.152026
20.0,2,264.232884
-7.0,8,264.320851
15.0,7,264.407101
18.0,4,264.487334
-7.0,8,264.577846
-1.0,2,264.661963
12.0,10,264.752616
6.0,16,264.852131
-7.0,8,264.937218
-1.0,2,265.023001
-4.0,5,265.110378
12.0,10,265.201174
-1.0,2,265.287746
15.0,7,265.382199
-3.0,4,265.465595
-9.0,10,265.556819
-5.0,6,265.673242
-6.0,7,265.761693
-22.0,23,265.867373
-3.0,4,265.956414
-10.0,11,266.058078
19.0,3,266.151344
-12.0,13,266.245391
-15.0,16,266.338258
-20.0,21,266.455783
10.0,12,266.553693
-1.0,2,266.636748
-1.0,2,266.718201
-1.0,2,266.804304
-1.0,2,266.882265
15.0,7,266.972434
-7.0,8,267.063774
7.0,15,267.161674
-3.0,4,267.253329
9.0,13,267.359057
-3.0,4,267.445974
-13.0,14,267.548812
-5.0,6,267.636271
-4.0,5,267.728814
-11.0,12,267.826423
-30.0,31,267.937006
-16.0,17,268.037413
-7.0,8,268.124303
20.0,2,268.208595
18.0,4,268.300551
-9.0,10,268.391582
-6.0,7,268.482103
-8.0,9,268.579051
-5.0,6,268.669979
-3.0,4,268.759248
-6.0,7,268.845111
-17.0,18,268.941341
16.0,6,269.030396
-13.0,14,269.126336
-15.0,16,269.220721
-3.0,4,269.302325
-2.0,3,269.384189
20.0,2,269.461426
-8.0,9,269.543264
-6.0,7,269.623991
-10.0,11,269.712324
-20.0,21,269.810278
-7.0,8,269.895921
-18.0,19,269.992961
-1.0,2,270.069535
19.0,3,270.150913
-9.0,10,270.23438
-1.0,2,270.311179
9.0,13,270.399779
15.0,7,270.484028
-1.0,2,270.562826
19.0,3,270.642058
-10.0,11,270.733381
-4.0,5,270.81495
14.0,8,270.900549
-3.0,4,270.98188
-12.0,13,271.071808
-14.0,15,271.158675
-9.0,10,271.247627
-16.0,17,271.342461
-6.0,7,271.425336
-2.0,3,271.506953
18.0,4,271.588316
-7.0,8,271.671643
-10.0,11,271.755222
-11.0,12,271.844605
-11.0,12,271.932925
-6.0,7,272.013638
20.0,2,272.087847
-6.0,7,272.16715
-13.0,14,272.257987
-7.0,8,272.342534
-7.0,8,272.426436
18.0,4,272.504324
-8.0,9,272.584686
14.0,8,272.669902
-3.0,4,272.751571
-20.0,21,272.851964
-1.0,2,272.939582
-4.0,5,273.028401
-5.0,6,273.115933
-1.0,2,273.196118
-12.0,13,273.288174
-1.0,2,273.373523
-15.0,16,273.469836
-10.0,11,273.562695
-27.0,28,273.666177
-7.0,8,273.758399
-4.0,5,273.839954
-2.0,3,273.922538
-24.0,25,274.023161
-5.0,6,274.109605
-4.0,5,274.193635
-4.0,5,274.27848
19.0,3,274.363971
-1.0,2,274.444179
-4.0,5,274.5293
-14.0,15,274.622145
15.0,7,274.705898
6.0,16,274.803301
-2.0,3,274.887171
-4.0,5,274.972178
-10.0,11,275.062084
-5.0,6,275.145486
-14.0,15,275.242242
-1.0,2,275.320192
-1.0,2,275.401237
-4.0,5,275.482674
-2.0,3,275.56569
-9.0,10,275.651069
-3.0,4,275.732907
-3.0,4,275.8146
-2.0,3,275.899953
11.0,11,275.991976
15.0,7,276.080873
-4.0,5,276.162096
-11.0,12,276.25316
-6.0,7,276.338799
-1.0,2,276.416679
-3.0,4,276.502537
-8.0,9,276.590674
-5.0,6,276.678166
17.0,5,276.764238
20.0,2,276.849152
8.0,14,276.9424
-4.0,5,277.026296
-2.0,3,277.114108
-3.0,4,277.200607
-3.0,4,277.28326
-13.0,14,277.375656
7.0,15,277.470935
18.0,4,277.550626
-5.0,6,277.635758
-29.0,30,277.744046
-5.0,6,277.828523
-7.0,8,277.917958
-10.0,11,278.011532
16.0,6,278.091955
15.0,7,278.182518
18.0,4,278.266956
-12.0,13,278.355934
16.0,6,278.446276
-4.0,5,278.528411
-5.0,6,278.616759
20.0,2,278.702501
19.0,3,278.78796
-1.0,2,278.867002
-14.0,15,278.962048
-1.0,2,279.039728
-10.0,11,279.13138
-7.0,8,279.218329
-3.0,4,279.304579
20.0,2,279.388691
16.0,6,279.475731
3.0,19,279.575218
0.0,22,279.677934
-10.0,11,279.772452
-11.0,12,279.865468
15.0,7,279.953995
15.0,7,280.043899
12.0,10,280.132488
20.0,2,280.211681
20.0,2,280.293534
-2.0,3,280.375118
-19.0,20,280.472111
-16.0,17,280.567915
-3.0,4,280.653538
-9.0,10,280.744746
-19.0,20,280.841347
-3.0,4,280.927182
-1.0,2,281.004503
10.0,12,281.096695
19.0,3,281.18016
-1.0,2,281.257704
-5.0,6,281.343071
-11.0,12,281.434135
-6.0,7,281.524366
-6.0,7,281.610604
-7.0,8,281.700636
-32.0,33,281.814349
-1.0,2,281.896469
19.0,3,281.982353
-8.0,9,282.071942
-1.0,2,282.152019
-4.0,5,282.233717
-4.0,5,282.316176
-1.0,2,282.399608
-22.0,23,282.498536
15.0,7,282.587037
-3.0,4,282.672181
19.0,3,282.762467
-24.0,25,282.867609
-47.0,48,282.994555
15.0,7,283.084012
-3.0,4,283.167071
-18.0,19,283.268489
15.0,7,283.356459
7.0,15,283.450241
-2.0,3,283.530978
-7.0,8,283.615064
-4.0,5,283.696773
6.0,16,283.790281
-6.0,28,283.8943
16.0,6,283.977827
-9.0,10,284.061404
2.0,20,284.160262
-4.0,5,284.243273
-7.0,8,284.324946
-6.0,7,284.410437
-2.0,3,284.490281
-18.0,19,284.591234
0.0,22,284.690879
-3.0,4,284.772277
6.0,16,284.870391
-8.0,9,284.955976
-18.0,19,285.056207
-3.0,4,285.140899
-2.0,3,285.227015
-8.0,9,285.314444
13.0,9,285.404755
20.0,2,285.490333
19.0,3,285.57455
-7.0,8,285.660251
-1.0,2,285.737481
-7.0,8,285.826707
14.0,8,285.917273
-13.0,14,286.013632
-4.0,5,286.098935
-2.0,3,286.180722
-19.0,20,286.282738
-4.0,5,286.369691
-15.0,16,286.46424
-2.0,3,286.548151
-12.0,13,286.638568
-4.0,5,286.719999
-1.0,2,286.800108
-14.0,15,286.896071
18.0,4,286.980795
-4.0,5,287.069504
11.0,11,287.158876
-7.0,8,287.244864
-4.0,5,287.332785
-1.0,2,287.41374
7.0,15,287.514841
-4.0,5,287.600195
6.0,16,287.694237
18.0,4,287.776682
16.0,6,287.85561
-12.0,13,287.949849
17.0,5,288.034649
16.0,6,288.121611
-11.0,12,288.210884
-1.0,2,288.288554
-3.0,4,288.373888
-4.0,5,288.457989
-11.0,12,288.544666
19.0,3,288.624021
-4.0,5,288.702041
-12.0,13,288.795716
13.0,9,288.883812
17.0,5,288.967571
-9.0,10,289.055552
-6.0,7,289.139871
-19.0,20,289.234137
-1.0,2,289.31761
-9.0,10,289.406549
-5.0,27,289.512563
-7.0,8,289.600633
-11.0,12,289.692221
-7.0,8,289.7781
-8.0,9,289.867363
-12.0,13,289.958228
-23.0,24,290.05714
-4.0,5,290.138379
-2.0,3,290.214506
-1.0,2,290.292395
-6.0,7,290.373405
-2.0,3,290.449627
-4.0,5,290.531899
-6.0,7,290.612926
-3.0,4,290.697214
-4.0,5,290.782604
-21.0,22,290.879895
17.0,5,290.967895
-2.0,3,291.046422
-25.0,26,291.15049
-1.0,2,291.227969
17.0,5,291.318354
-17.0,18,291.414215
18.0,4,291.499051
-4.0,5,291.585915
11.0,11,291.678166
-16.0,17,291.77123
-1.0,23,291.874876
-8.0,9,291.960811
-6.0,7,292.045936
10.0,12,292.134118
-18.0,19,292.234992
-1.0,2,292.31284
-7.0,8,292.401024
-9.0,10,292.493178
-15.0,16,292.585663
-7.0,8,292.677042
-2.0,3,292.759222
1.0,21,292.859761
-8.0,9,292.951472
-1.0,2,293.03416
-12.0,13,293.123293
12.0,10,293.239907
-5.0,6,293.334089
-1.0,2,293.425088
9.0,13,293.537219
-1.0,2,293.628692
-22.0,23,293.725394
-6.0,7,293.806924
19.0,3,293.884195
-5.0,6,293.964992
-3.0,4,294.045896
-1.0,2,294.120677
-1.0,2,294.198344
-1.0,2,294.273748
-1.0,2,294.350833
-1.0,2,294.425382
-1.0,2,294.50191
-1.0,2,294.577707
-2.0,3,294.65638
-1.0,2,294.734126
-1.0,2,294.809263
20.0,2,294.890496
-2.0,3,294.965117
-3.0,4,295.042929
-2.0,3,295.121441
-10.0,11,295.20774
17.0,5,295.284931
20.0,2,295.361065
-1.0,2,295.436453
17.0,5,295.517779
-1.0,2,295.595224
-1.0,2,295.670035
-4.0,5,295.751482
-4.0,5,295.830845
-1.0,2,295.906222
20.0,2,295.982913
-9.0,10,296.065963
-11.0,12,296.154581
-28.0,29,296.260443
16.0,6,296.337553
-2.0,3,296.419085
19.0,3,296.499481
-4.0,5,296.57857
-1.0,2,296.656559
-3.0,4,296.734104
-2.0,3,296.816082
13.0,9,296.900765
-34.0,35,297.011512
-49.0,50,297.137391
17.0,5,297.220998
-14.0,15,297.317391
16.0,6,297.40065
-3.0,4,297.483868
-17.0,18,297.581519
-4.0,5,297.667166
10.0,12,297.758189
-13.0,14,297.844562
-15.0,16,297.938228
-25.0,26,298.035878
-11.0,12,298.125922
-12.0,13,298.213291
-20.0,21,298.309262
-7.0,8,298.394732
-7.0,8,298.478881
-3.0,4,298.556868
-2.0,3,298.633577
-1.0,2,298.714382
-17.0,18,298.809012
9.0,13,298.897647
-20.0,21,298.996802
8.0,14,299.088048
-16.0,17,299.178759
-10.0,32,299.285138
-10.0,11,299.374755
-4.0,5,299.45505
-6.0,7,299.539595
-4.0,5,299.618708
-3.0,4,299.700166
-1.0,2,299.780237
-18.0,19,299.876207
-12.0,13,299.962956
-2.0,3,300.045038
-3.0,4,300.126958
-2.0,3,300.202202
-3.0,4,300.283046
-2.0,3,300.360974
-20.0,21,300.45382
-1.0,2,300.535742
-8.0,9,300.62203
-11.0,12,300.707275
-2.0,3,300.785723
-18.0,19,300.883643
-23.0,24,300.982935
-3.0,4,301.067195
-14.0,15,301.163444
8.0,14,301.259477
-20.0,21,301.355766
-3.0,4,301.437414
-40.0,41,301.553278
18.0,4,301.638104
13.0,9,301.729977
-9.0,10,301.820318
5.0,17,301.918566
-1.0,2,302.0034
-4.0,5,302.084409
-1.0,2,302.165474
-1.0,2,302.243181
-2.0,3,302.328049
-1.0,2,302.406683
-1.0,2,302.487547
-8.0,9,302.583586
11.0,11,302.679094
-1.0,2,302.758572
-1.0,2,302.84526
-1.0,2,302.92319
20.0,2,303.004774
20.0,2,303.078821
-1.0,2,303.157063
-35.0,57,303.287413
-2.0,3,303.369877
-1.0,23,303.473491
-31.0,32,303.591361
1.0,21,303.705544
-2.0,3,303.787568
12.0,10,303.877853
-5.0,6,303.967006
-12.0,13,304.056867
-13.0,14,304.151829
-11.0,12,304.245141
-7.0,8,304.334451
10.0,12,304.424755
-2.0,3,304.529843
-16.0,38,304.641737
-3.0,4,304.727271
-8.0,9,304.854723
-2.0,3,304.960064
17.0,5,305.054674
-23.0,24,305.154412
-1.0,2,305.234666
-15.0,16,305.324357
-3.0,4,305.402723
17.0,5,305.481887
-6.0,7,305.563051
-20.0,21,305.660065
11.0,11,305.745989
6.0,16,305.835668
-33.0,34,305.946044
8.0,14,306.036118
-1.0,2,306.116485
-21.0,22,306.213696
-3.0,4,306.292739
4.0,18,306.389266
-5.0,6,306.468286
4.0,18,306.564223
-1.0,2,306.641591
-12.0,13,306.736161
-18.0,19,306.832661
-1.0,2,306.918324
-6.0,7,307.004229
-2.0,3,307.082292
-24.0,25,307.190959
19.0,3,307.272763
14.0,8,307.362586
-11.0,12,307.457122
-5.0,6,307.541331
20.0,2,307.622326
-7.0,8,307.712327
-5.0,6,307.796964
-16.0,17,307.890088
-6.0,7,307.977935
-14.0,15,308.07075
-10.0,11,308.158209
-6.0,28,308.267154
-8.0,9,308.35982
-2.0,3,308.442204
-1.0,2,308.527415
-6.0,28,308.635097
-7.0,8,308.723984
16.0,6,308.810743
-12.0,13,308.905121
-1.0,2,308.995946
-12.0,13,309.087665
-8.0,9,309.179812
-23.0,45,309.303756
-3.0,4,309.386826
11.0,11,309.473807
-1.0,2,309.552078
-1.0,2,309.672251
-1.0,2,309.750543
20.0,2,309.830715
-2.0,3,309.909126
-2.0,3,309.99007
-1.0,2,310.071613
-1.0,2,310.149934
-1.0,2,310.230811
-1.0,2,310.308865
-8.0,9,310.399032
-1.0,2,310.480296
-1.0,2,310.55782
-3.0,4,310.639964
-9.0,10,310.732649
20.0,2,310.80874
-1.0,2,310.88963
-1.0,2,310.967603
-1.0,2,311.049015
8.0,14,311.141665
20.0,2,311.221251
-1.0,2,311.299475
-1.0,2,311.382019
-1.0,2,311.460861
-2.0,3,311.545155
-1.0,2,311.629903
-1.0,2,311.878465
-1.0,2,311.959846
-1.0,2,312.037754
-2.0,3,312.120469
-2.0,3,312.201874
-2.0,3,312.28029
-1.0,2,312.36137
-2.0,3,312.442395
-1.0,2,312.520283
20.0,2,312.599871
-3.0,4,312.681616
-1.0,2,312.760093
-1.0,2,312.841583
-1.0,2,312.923642
-1.0,2,313.005096
-1.0,2,313.082588
20.0,2,313.163489
-1.0,2,313.241783
-2.0,3,313.323179
-2.0,3,313.404288
-1.0,2,313.484291
20.0,2,313.569283
20.0,2,313.651
-2.0,3,313.731626
-2.0,3,313.812619
-1.0,2,313.890426
-2.0,3,313.972102
-3.0,4,314.058639
-2.0,3,314.140198
-1.0,2,314.218233
-1.0,2,314.300473
-1.0,2,314.379149
-1.0,2,314.460508
19.0,3,314.540053
-2.0,3,314.625231
-1.0,2,314.707956
-15.0,16,314.80592
-1.0,2,314.887328
-1.0,2,314.971333
-2.0,3,315.053405
20.0,2,315.137244
20.0,2,315.213452
-1.0,2,315.292391
-1.0,2,315.367766
-1.0,2,315.446907
19.0,3,315.52424
-2.0,3,315.602676
-22.0,23,315.703129
20.0,2,315.780539
-1.0,2,315.856848
-2.0,3,315.935811
-1.0,2,316.012094
20.0,2,316.089275
-1.0,2,316.166395
-1.0,2,316.247726
-1.0,2,316.324327
-5.0,6,316.410279
-1.0,2,316.486133
20.0,2,316.563416
-1.0,2,316.639421
-1.0,2,316.718086
20.0,2,316.792638
-1.0,2,316.870456
-2.0,3,316.952417
-22.0,23,317.050807
-2.0,3,317.132192
-5.0,6,317.214345
-20.0,21,317.307853
20.0,2,317.387366
-8.0,9,317.477901
-5.0,6,317.562564
13.0,9,317.645166
17.0,5,317.73182
-11.0,12,317.82781
-3.0,4,317.916255
-21.0,22,318.016394
15.0,7,318.105618
11.0,11,318.195623
-4.0,5,318.27486
-21.0,22,318.372931
18.0,4,318.4538
-7.0,8,318.536655
15.0,7,318.622715
-4.0,5,318.701255
-1.0,2,318.779413
-1.0,2,318.857894
-2.0,3,318.936889
-2.0,3,319.01506
-2.0,3,319.093778
-1.0,2,319.170607
20.0,2,319.251813
-1.0,2,319.328722
-1.0,2,319.407803
-1.0,2,319.486022
-1.0,2,319.564887
-1.0,2,319.640471
-3.0,4,319.719535
-1.0,2,319.798434
-1.0,2,319.874727
-1.0,2,319.953257
-1.0,2,320.028591
-1.0,2,320.106561
-1.0,2,320.182423
-1.0,2,320.26405
-1.0,2,320.339384
-1.0,2,320.417273
-8.0,9,320.499617
6.0,16,320.591701
-5.0,6,320.674674
0.0,22,320.778489
-13.0,14,320.870082
-29.0,30,320.977562
-48.0,49,321.096419
-4.0,5,321.17994
-5.0,6,321.262736
19.0,3,321.3455
19.0,3,321.42504
-1.0,2,321.502097
-1.0,2,321.577688
-1.0,2,321.655341
14.0,8,321.739169
-3.0,4,321.820949
-1.0,2,321.894671
-1.0,2,321.97111
-2.0,3,322.04834
-1.0,2,322.122803
-2.0,3,322.203134
20.0,2,322.278722
-1.0,2,322.3596
20.0,2,322.435239
10.0,12,322.526545
-1.0,2,322.606749
-9.0,10,322.692375
-1.0,2,322.774039
-2.0,3,322.854571
-1.0,2,322.932479
-1.0,2,323.012229
-1.0,2,323.089488
-2.0,3,323.170213
-2.0,3,323.249632
-16.0,17,323.341425
-2.0,3,323.419791
-2.0,3,323.496188
-1.0,2,323.573811
-1.0,2,323.649345
-1.0,2,323.726152
-1.0,2,323.803154
-21.0,22,323.901691
-1.0,2,323.975115
-1.0,2,324.051292
-1.0,2,324.126235
19.0,3,324.202301
-1.0,2,324.282662
20.0,2,324.356273
20.0,2,324.431373
-1.0,23,324.526438
-36.0,37,324.63704
14.0,8,324.723649
-18.0,19,324.818177
-18.0,19,324.913403
-26.0,27,325.013053
-11.0,33,325.118011
-22.0,23,325.223627
10.0,12,325.317786
20.0,2,325.398907
-11.0,12,325.488396
-17.0,18,325.586079
-2.0,3,325.670013
-1.0,2,325.750667
19.0,3,325.829803
18.0,4,325.907448
-1.0,2,325.984026
20.0,2,326.061299
-2.0,3,326.142475
-1.0,2,326.218436
-1.0,2,326.297417
-1.0,2,326.37806
19.0,3,326.455302
-8.0,9,326.537416
-2.0,3,326.616157
19.0,3,326.703416
-1.0,2,326.783843
-1.0,2,326.864341
-1.0,2,326.93965
-2.0,3,327.017129
-1.0,2,327.092419
-1.0,2,327.170639
20.0,2,327.24489
-1.0,2,327.335306
20.0,2,327.415658
-1.0,2,327.493763
-2.0,3,327.571382
-1.0,2,327.645579
-1.0,2,327.724437
-5.0,6,327.81937
-1.0,2,327.89668
-1.0,2,327.97073
-1.0,2,328.048222
-1.0,2,328.122756
-1.0,2,328.209547
-2.0,3,328.284177
-1.0,2,328.36377
-1.0,2,328.440243
-2.0,3,328.520098
-1.0,2,328.597842
-1.0,2,328.674376
-1.0,2,328.756826
-1.0,2,328.833925
-1.0,2,328.911027
-12.0,13,328.996894
-27.0,28,329.098438
-2.0,3,329.176925
-1.0,2,329.256097
-1.0,2,329.336227
-1.0,2,329.410689
20.0,2,329.485775
-1.0,2,329.560334
-1.0,2,329.636862
20.0,2,329.709476
-1.0,2,329.785904
-2.0,3,329.864649
-2.0,3,329.942005
-1.0,2,330.018197
-1.0,2,330.092787
-2.0,3,330.169394
-1.0,2,330.244254
-9.0,10,330.335758
20.0,2,330.415568
-25.0,47,330.539351
8.0,14,330.630001
-16.0,17,330.731133
-23.0,24,330.845918
-1.0,2,330.921077
-5.0,6,331.004651
-8.0,9,331.090588
-1.0,2,331.166699
-1.0,2,331.242001
-1.0,2,331.319639
-1.0,2,331.393683
-1.0,2,331.469372
20.0,2,331.541553
-1.0,2,331.61762
-2.0,3,331.691566
-1.0,2,331.767899
-2.0,3,331.846768
-1.0,2,331.922576
-1.0,2,332.000307
-1.0,2,332.075003
-2.0,3,332.152189
20.0,2,332.224946
-1.0,2,332.301811
20.0,2,332.375557
-2.0,3,332.452688
-1.0,2,332.529302
-1.0,2,332.603442
-1.0,2,332.680459
-1.0,2,332.754369
-1.0,2,332.833309
-1.0,2,332.907982
19.0,3,332.983434
-2.0,3,333.060491
-9.0,31,333.162257
18.0,4,333.245714
-8.0,9,333.330483
-22.0,44,333.44858
-1.0,2,333.524971
-1.0,2,333.601722
20.0,2,333.675227
-1.0,2,333.753292
-1.0,2,333.828139
-1.0,2,333.905316
-1.0,2,333.979445
-1.0,2,334.056076
-1.0,2,334.130178
-4.0,5,334.207297
-1.0,2,334.283897
-1.0,2,334.359514
-1.0,2,334.436633
-2.0,3,334.520049
-8.0,9,334.611095
-7.0,8,334.700211
-1.0,2,334.780569
-1.0,2,334.864707
-1.0,2,334.944592
-2.0,3,335.028468
-1.0,2,335.111497
-1.0,2,335.189165
-1.0,2,335.266865
-1.0,2,335.343642
-2.0,3,335.420288
-3.0,4,335.497663
-2.0,3,335.573483
-1.0,2,335.648676
-2.0,3,335.725952
-3.0,4,335.807476
-20.0,21,335.902397
-1.0,2,335.984346
-1.0,2,336.059623
-1.0,2,336.136608
-1.0,2,336.210679
19.0,3,336.285505
-1.0,2,336.360648
-1.0,2,336.437311
-1.0,2,336.512225
-1.0,2,336.587983
-1.0,2,336.664583
-1.0,2,336.740884
-1.0,2,336.815291
-2.0,3,336.896626
-1.0,2,336.9753
-1.0,2,337.048543
-1.0,2,337.124291
-1.0,2,337.19769
-1.0,2,337.273377
-1.0,2,337.348363
20.0,2,337.422769
-1.0,2,337.495811
20.0,2,337.575413
-1.0,2,337.648422
-1.0,2,337.725169
-1.0,2,337.799491
-1.0,2,337.875991
-1.0,2,337.952628
-1.0,2,338.028809
-2.0,3,338.102593
-1.0,2,338.179146
-1.0,2,338.253629
-2.0,3,338.331221
-42.0,43,338.447494
20.0,2,338.52027
11.0,11,338.606988
-2.0,3,338.685378
-1.0,2,338.759977
-3.0,4,338.841218
-1.0,2,338.922043
-1.0,2,338.997696
-19.0,20,339.098162
5.0,17,339.19404
-1.0,2,339.271148
-1.0,2,339.353419
-1.0,2,339.430987
-1.0,2,339.508518
20.0,2,339.581596
-1.0,2,339.659028
-1.0,2,339.735434
-1.0,2,339.815579
20.0,2,339.891159
-1.0,2,339.974324
-2.0,3,340.050527
-1.0,2,340.129794
-2.0,3,340.208773
-1.0,2,340.286208
-1.0,2,340.367648
-1.0,2,340.444984
-1.0,2,340.524669
-1.0,2,340.601166
-1.0,2,340.680328
-1.0,2,340.757214
-1.0,2,340.837867
-1.0,2,340.913966
-1.0,2,340.99196
-1.0,2,341.067153
-1.0,2,341.144688
19.0,3,341.218684
-1.0,2,341.29675
-1.0,2,341.374428
-2.0,3,341.454071
-1.0,2,341.532732
-1.0,2,341.608919
20.0,2,341.691181
-26.0,48,341.814647
-1.0,2,341.892428
20.0,2,341.969265
18.0,4,342.075116
-1.0,2,342.155363
-2.0,3,342.234241
-4.0,5,342.325929
-1.0,2,342.408095
-1.0,2,342.484103
-1.0,2,342.563705
-1.0,2,342.639989
-1.0,2,342.717479
-1.0,2,342.793203
20.0,2,342.87201
-2.0,3,342.947773
-2.0,3,343.025971
-2.0,3,343.102958
-1.0,2,343.178802
-1.0,2,343.256568
-2.0,3,343.338522
-1.0,2,343.415196
-1.0,2,343.494069
-2.0,3,343.569825
-2.0,3,343.648136
-1.0,2,343.725884
-1.0,2,343.802321
-1.0,2,343.882801
-3.0,4,343.962243
-1.0,2,344.037166
-1.0,2,344.116786
-1.0,2,344.199025
-1.0,2,344.277584
-1.0,2,344.355096
-1.0,2,344.43501
-1.0,2,344.511286
-41.0,42,344.631593
20.0,2,344.705027
-1.0,2,344.78227
-1.0,2,344.858456
-1.0,2,344.936304
-1.0,2,345.010835
-8.0,9,345.096264
-1.0,2,345.172316
-3.0,4,345.253389
-2.0,3,345.332387
-1.0,2,345.407905
-33.0,34,345.519762
-1.0,2,345.600376
-1.0,2,345.678689
-1.0,2,345.753573
-10.0,11,345.845623
20.0,2,345.929613
-1.0,2,346.00721
-14.0,15,346.102911
-1.0,2,346.178725
-1.0,2,346.257084
-1.0,2,346.333236
-2.0,3,346.411479
-1.0,2,346.485609
-12.0,13,346.57314
-1.0,2,346.648527
20.0,2,346.724966
-1.0,2,346.798772
-2.0,3,346.876329
18.0,4,346.951648
-1.0,2,347.02951
20.0,2,347.105103
-1.0,2,347.179332
-3.0,4,347.255654
-1.0,2,347.332294
-2.0,3,347.410128
-1.0,2,347.484614
-2.0,3,347.562108
-1.0,2,347.636759
20.0,2,347.712419
-1.0,2,347.787538
20.0,2,347.864122
19.0,3,347.946044
-26.0,48,348.067534
-2.0,3,348.142237
-1.0,2,348.220936
-1.0,2,348.296318
19.0,3,348.376165
-1.0,2,348.453397
20.0,2,348.52619
-3.0,4,348.604306
-1.0,2,348.680607
-1.0,2,348.75458
-1.0,2,348.831644
-1.0,2,348.906209
-1.0,2,348.983402
-17.0,18,349.075764
-2.0,3,349.156162
-1.0,2,349.230925
1.0,21,349.329896
19.0,3,349.403668
-1.0,2,349.480856
-1.0,2,349.557244
20.0,2,349.633644
20.0,2,349.712208
-1.0,2,349.789769
-1.0,2,349.865409
-1.0,2,349.942374
-3.0,4,350.019986
-1.0,2,350.093956
-1.0,2,350.17073
-1.0,2,350.244697
-23.0,24,350.34148
-1.0,2,350.41918
-35.0,36,350.529423
20.0,2,350.60322
-1.0,2,350.679868
-1.0,2,350.75506
19.0,3,350.831847
-3.0,4,350.910103
-2.0,3,350.98726
-7.0,8,351.074051
-1.0,2,351.149292
-23.0,24,351.246452
-1.0,2,351.32517
-1.0,2,351.400291
-1.0,2,351.476808
-1.0,2,351.552079
10.0,12,351.640471
-2.0,3,351.718187
-10.0,32,351.822363
20.0,2,351.899815
-1.0,2,351.979318
-1.0,2,352.05725
-1.0,2,352.131222
-1.0,2,352.207241
-2.0,3,352.281513
-1.0,2,352.358763
-2.0,3,352.436408
-1.0,2,352.511049
-1.0,2,352.587522
-1.0,2,352.661911
18.0,4,352.741297
-2.0,3,352.817796
20.0,2,352.891696
-1.0,2,352.969307
-1.0,2,353.044487
20.0,2,353.130149
-1.0,2,353.210082
20.0,2,353.294521
-20.0,21,353.392696
-1.0,2,353.469489
-1.0,2,353.543129
-1.0,2,353.621603
-1.0,2,353.698395
-24.0,46,353.815021
20.0,2,353.893355
20.0,2,353.968258
-1.0,2,354.043098
-1.0,2,354.120184
-1.0,2,354.193903
-1.0,2,354.271342
-1.0,2,354.345863
-1.0,2,354.422816
-1.0,2,354.496994
-1.0,2,354.572684
-1.0,2,354.645871
-6.0,7,354.72631
20.0,2,354.798961
-1.0,2,354.875828
20.0,2,354.949152
-3.0,4,355.026881
20.0,2,355.103649
-2.0,3,355.181394
-1.0,2,355.25685
-1.0,2,355.333834
-1.0,2,355.409128
20.0,2,355.489795
-1.0,2,355.564875
-13.0,14,355.655344
-1.0,2,355.729097
-2.0,3,355.805984
20.0,2,355.879618
18.0,4,355.959808
17.0,5,356.041195
-1.0,2,356.116626
-23.0,24,356.218346
-1.0,2,356.294791
-1.0,2,356.370062
-9.0,10,356.455013
20.0,2,356.528549
-1.0,2,356.605844
-1.0,2,356.681367
-1.0,2,356.759037
-1.0,2,356.833748
-19.0,20,356.931037
-1.0,2,357.009347
-1.0,2,357.084706
-16.0,17,357.177996
-1.0,2,357.255743
-1.0,2,357.331778
-1.0,2,357.409738
-1.0,2,357.484738
-1.0,2,357.561177
-21.0,22,357.657625
-1.0,2,357.737427
-26.0,27,357.840636
-1.0,2,357.915963
-1.0,2,357.993318
-1.0,2,358.067205
-4.0,5,358.148319
-1.0,2,358.224164
-1.0,2,358.298475
-3.0,4,358.376848
20.0,2,358.452671
-1.0,2,358.528623
-1.0,2,358.606178
-1.0,2,358.680528
-1.0,2,358.757405
-1.0,2,358.835263
-1.0,2,358.913015
-1.0,2,358.988112
20.0,2,359.064174
-2.0,3,359.141539
-1.0,2,359.215346
-2.0,3,359.292619
-1.0,2,359.369603
-1.0,2,359.446708
20.0,2,359.518796
19.0,3,359.593412
-2.0,3,359.669676
20.0,2,359.742092
-1.0,2,359.820024
-1.0,2,359.895351
20.0,2,359.970185
-1.0,2,360.043686
-2.0,3,360.119563
-3.0,4,360.19552
-24.0,25,360.288745
-2.0,3,360.367441
-2.0,3,360.445673
-1.0,2,360.521285
-1.0,2,360.599067
-1.0,2,360.674258
-2.0,3,360.752293
-1.0,2,360.830395
20.0,2,360.907943
-1.0,2,360.985888
-1.0,2,361.06104
-1.0,2,361.137899
-1.0,2,361.212014
-1.0,2,361.28898
-1.0,2,361.364163
-1.0,2,361.44198
-1.0,2,361.516871
-1.0,2,361.594142
-1.0,2,361.669155
-3.0,25,361.76741
-1.0,2,361.843806
-2.0,3,361.920677
-1.0,2,361.996197
-1.0,2,362.074221
-1.0,2,362.14834
-1.0,2,362.228541
-1.0,2,362.302702
-1.0,2,362.384172
-1.0,2,362.473654
-1.0,2,362.560245
-1.0,2,362.639013
-1.0,2,362.716742
-1.0,2,362.791687
-1.0,2,362.869072
-1.0,2,362.943757
-1.0,2,363.02055
-1.0,2,363.094925
-1.0,2,363.172114
-1.0,2,363.254861
-1.0,2,363.332249
-1.0,2,363.406784
-1.0,2,363.483466
-1.0,2,363.557324
-1.0,2,363.633212
-1.0,2,363.706605
20.0,2,363.781304
-1.0,2,363.85678
-2.0,3,363.933679
-2.0,3,364.010632
-1.0,2,364.085008
-3.0,4,364.166141
-1.0,2,364.242199
-3.0,4,364.318933
-1.0,2,364.394625
-1.0,2,364.472133
-1.0,2,364.546849
-1.0,2,364.624235
-1.0,2,364.698965
-1.0,2,364.776264
-1.0,2,364.850775
-2.0,3,364.928339
20.0,2,365.006258
-1.0,2,365.083261
-1.0,2,365.156714
-1.0,2,365.233998
-2.0,3,365.310421
-1.0,2,365.388584
-2.0,3,365.464475
-1.0,2,365.539356
18.0,4,365.62342
20.0,2,365.69727
-2.0,3,365.774837
-1.0,2,365.850384
-1.0,2,365.928016
20.0,2,366.000902
-1.0,2,366.07701
-1.0,2,366.151549
-2.0,3,366.228715
-1.0,2,366.302838
-1.0,2,366.380768
-1.0,2,366.45567
-1.0,2,366.532573
20.0,2,366.605245
20.0,2,366.685957
-1.0,2,366.761811
-1.0,2,366.838861
-1.0,2,366.913346
-3.0,4,366.990126
-1.0,2,367.066265
-2.0,3,367.144746
-1.0,2,367.219143
-1.0,2,367.297109
20.0,2,367.371384
-1.0,2,367.448986
-29.0,51,367.570907
-1.0,2,367.647134
-35.0,36,367.754697
-1.0,2,367.830396
-1.0,2,367.907444
-1.0,2,367.982456
-1.0,2,368.059714
-1.0,2,368.133938
-1.0,2,368.209727
20.0,2,368.283335
20.0,2,368.358956
-1.0,2,368.433886
-1.0,2,368.511328
-1.0,2,368.58585
-2.0,3,368.663469
-1.0,2,368.745942
-25.0,26,368.861135
-1.0,2,368.951963
-2.0,3,369.043464
-1.0,2,369.120195
-1.0,2,369.195584
-1.0,2,369.27306
-1.0,2,369.348944
-1.0,2,369.426083
-1.0,2,369.499464
-1.0,2,369.575488
-1.0,2,369.649368
-1.0,2,369.72531
-2.0,3,369.801557
-1.0,2,369.875752
-1.0,2,369.951895
-2.0,3,370.026486
-2.0,3,370.102233
20.0,2,370.176325
20.0,2,370.255299
-1.0,2,370.333375
-2.0,3,370.40963
-1.0,2,370.487421
-1.0,2,370.561409
-1.0,2,370.638204
-1.0,2,370.712811
20.0,2,370.789258
-3.0,4,370.868215
-1.0,2,370.943643
-1.0,2,371.020884
20.0,2,371.094967
-1.0,2,371.171748
-1.0,2,371.24656
-2.0,3,371.323636
-1.0,2,371.40344
-115.0,137,371.606107
-1.0,2,371.682525
-1.0,2,371.761852
-1.0,2,371.839431
-2.0,3,371.918728
-34.0,35,372.029969
-2.0,3,372.11288
-1.0,2,372.189852
20.0,2,372.266685
-1.0,2,372.342552
-1.0,2,372.421288
-1.0,2,372.496902
-1.0,2,372.574168
-1.0,2,372.649495
20.0,2,372.731582
-1.0,2,372.807775
-7.0,8,372.890996
-1.0,2,372.968767
20.0,2,373.042629
-1.0,2,373.121085
20.0,2,373.200745
-1.0,2,373.277458
-1.0,2,373.351486
-1.0,2,373.429178
-1.0,2,373.503509
-2.0,3,373.579927
20.0,2,373.652449
-1.0,2,373.729986
-1.0,2,373.804769
-1.0,2,373.883265
20.0,2,373.956982
-2.0,3,374.034781
-1.0,2,374.113494
-2.0,3,374.189336
-1.0,2,374.267445
-1.0,2,374.343624
-1.0,2,374.422372
-28.0,29,374.52726
-28.0,29,374.628573
-2.0,3,374.707755
-1.0,2,374.790472
-1.0,2,374.867232
20.0,2,374.944528
-1.0,2,375.021443
-1.0,2,375.098125
-2.0,3,375.172442
-1.0,2,375.248946
-1.0,2,375.322185
-3.0,4,375.399416
-1.0,2,375.47543
-1.0,2,375.549341
-1.0,2,375.62579
-1.0,2,375.699293
-1.0,2,375.778778
-1.0,2,375.85613
-1.0,2,375.933906
-1.0,2,376.00856
-1.0,2,376.085322
-1.0,2,376.160366
-1.0,2,376.238115
10.0,12,376.325317
-1.0,2,376.400045
-1.0,2,376.476222
-1.0,2,376.551397
-1.0,2,376.62902
-1.0,2,376.703954
-1.0,2,376.780853
-1.0,2,376.856069
-1.0,2,376.934082
-1.0,2,377.00909
-1.0,2,377.084885
-1.0,2,377.159047
-1.0,2,377.235282
-1.0,2,377.30916
-11.0,12,377.398642
-1.0,2,377.474618
-2.0,3,377.550213
-1.0,2,377.624776
-2.0,3,377.702325
-1.0,2,377.777273
-1.0,2,377.854831
-1.0,2,377.930774
20.0,2,378.006428
20.0,2,378.079871
20.0,2,378.155418
-1.0,2,378.229751
-1.0,2,378.306346
-17.0,18,378.395203
-1.0,2,378.470603
20.0,2,378.548609
-1.0,2,378.626149
-2.0,3,378.703508
-1.0,2,378.77733
-67.0,68,378.915824
-1.0,2,378.993612
-1.0,2,379.067765
-1.0,2,379.143669
-1.0,2,379.217145
-2.0,3,379.293852
-1.0,2,379.367547
-1.0,2,379.44476
-1.0,2,379.520259
20.0,2,379.596569
-1.0,2,379.670867
20.0,2,379.746006
-1.0,2,379.819875
-1.0,2,379.897126
18.0,4,379.97607
-1.0,2,380.049508
20.0,2,380.123494
20.0,2,380.196129
-2.0,3,380.27267
-1.0,2,380.349652
-1.0,2,380.425817
-1.0,2,380.502877
20.0,2,380.579808
-41.0,42,380.69726
-1.0,2,380.772358
-1.0,2,380.849717
-2.0,3,380.926334
-1.0,2,381.004159
-1.0,2,381.079999
-1.0,2,381.158389
-1.0,2,381.234329
-1.0,2,381.312183
-1.0,2,381.387567
-1.0,2,381.46487
-1.0,2,381.538694
-2.0,3,381.614876
20.0,2,381.68912
20.0,2,381.761058
-2.0,3,381.837925
-1.0,2,381.912702
-1.0,2,381.989348
-1.0,2,382.064232
-1.0,2,382.140608
-14.0,15,382.233913
-1.0,2,382.308392
-1.0,2,382.388096
-2.0,3,382.463661
-2.0,3,382.541662
-1.0,2,382.618717
-1.0,2,382.693807
-1.0,2,382.771009
-1.0,2,382.84549
-1.0,2,382.924245
-1.0,2,382.998722
-1.0,2,383.076231
-1.0,2,383.150593
-1.0,2,383.227428
-1.0,2,383.302987
-1.0,2,383.38134
20.0,2,383.454051
19.0,3,383.528615
-1.0,2,383.602292
-1.0,2,383.679909
-1.0,2,383.753881
-1.0,2,383.830008
-1.0,2,383.904399
-1.0,2,383.981505
-1.0,2,384.055397
-3.0,4,384.132504
-1.0,2,384.208404
-1.0,2,384.285499
-1.0,2,384.365728
-1.0,2,384.443629
-2.0,3,384.524358
19.0,3,384.603227
-10.0,11,384.691868
20.0,2,384.773569
20.0,2,384.851876
-1.0,2,384.929444
-2.0,3,385.009935
-1.0,2,385.08767
-1.0,2,385.167579
-1.0,2,385.243562
-1.0,2,385.321303
-1.0,2,385.396911
-2.0,3,385.474067
-1.0,2,385.550706
-1.0,2,385.629363
-1.0,2,385.70581
-1.0,2,385.780272
3.0,19,385.873769
-1.0,2,385.948196
20.0,2,386.023095
-1.0,2,386.097732
-1.0,2,386.175102
-1.0,2,386.250321
-1.0,2,386.327714
-1.0,2,386.403239
20.0,2,386.478108
20.0,2,386.55075
-28.0,29,386.657503
-21.0,22,386.754653
-1.0,2,386.831302
-1.0,2,386.907028
-1.0,2,386.984119
-1.0,2,387.059395
-2.0,3,387.148472
-1.0,2,387.223384
-17.0,18,387.318825
-1.0,2,387.393769
-60.0,61,387.522304
-40.0,41,387.629954
-1.0,2,387.70464
20.0,2,387.780694
-1.0,2,387.855577
-1.0,2,387.933089
19.0,3,388.011722
-1.0,2,388.085066
-1.0,2,388.160723
-2.0,3,388.235897
-1.0,2,388.312805
20.0,2,388.386171
-2.0,3,388.463375
-1.0,2,388.53939
-1.0,2,388.613663
-1.0,2,388.690095
-30.0,31,388.794369
-1.0,2,388.870948
-1.0,2,388.946611
-1.0,2,389.024383
-1.0,2,389.099973
-1.0,2,389.17732
-1.0,2,389.251203
-1.0,2,389.32766
-11.0,33,389.434499
20.0,2,389.509421
-1.0,2,389.58293
16.0,6,389.665375
-1.0,2,389.740259
-1.0,2,389.816193
-43.0,44,389.930532
-28.0,29,390.029258
-1.0,2,390.105064
-1.0,2,390.182859
-1.0,2,390.25734
-1.0,2,390.334367
-1.0,2,390.410144
-1.0,2,390.487412
20.0,2,390.560397
-1.0,2,390.63711
-1.0,2,390.710471
-1.0,2,390.790556
-1.0,2,390.864857
20.0,2,390.939924
20.0,2,391.012188
-1.0,2,391.088377
-1.0,2,391.162062
-1.0,2,391.240091
-1.0,2,391.315055
-34.0,56,391.441727
-1.0,2,391.518182
-1.0,2,391.59246
-1.0,2,391.671124
-1.0,2,391.746568
-1.0,2,391.824597
-1.0,2,391.899794
-1.0,2,391.977031
-1.0,2,392.051585
-1.0,2,392.128366
-1.0,2,392.202257
-1.0,2,392.27804
20.0,2,392.350186
-1.0,2,392.427062
-1.0,2,392.500562
-1.0,2,392.575923
-1.0,2,392.649536
-1.0,2,392.725476
-45.0,67,392.862008
-1.0,2,392.936528
-2.0,3,393.013717
-1.0,2,393.08979
-2.0,3,393.172117
-1.0,2,393.250408
20.0,2,393.323786
-1.0,2,393.401752
-1.0,2,393.476579
-1.0,2,393.55368
-5.0,6,393.636629
-27.0,28,393.740121
-1.0,2,393.816376
-1.0,2,393.891298
-1.0,2,393.968902
-1.0,2,394.043286
-2.0,3,394.120078
-1.0,2,394.193976
3.0,19,394.28786
-86.0,108,394.465045
-2.0,3,394.541685
-1.0,2,394.617479
-1.0,2,394.694867
-1.0,2,394.769535
-1.0,2,394.846359
-1.0,2,394.920928
-1.0,2,394.997874
-1.0,2,395.071622
-1.0,2,395.147927
-1.0,2,395.222859
-5.0,6,395.303752
-1.0,2,395.377877
-1.0,2,395.454861
-1.0,2,395.530111
-1.0,2,395.606956
-1.0,2,395.681412
-1.0,2,395.758027
-1.0,2,395.831604
-1.0,2,395.908475
-1.0,2,395.982355
-1.0,2,396.058137
-2.0,3,396.133957
-1.0,2,396.207736
-1.0,2,396.284581
-1.0,2,396.359857
-1.0,2,396.437397
-1.0,2,396.51111
-1.0,2,396.588582
-1.0,2,396.663129
-3.0,4,396.740912
-1.0,2,396.817747
-1.0,2,396.892935
-1.0,2,396.970189
-1.0,2,397.044917
-1.0,2,397.150832
-1.0,23,397.246666
-1.0,2,397.323876
-1.0,2,397.399063
-1.0,2,397.476926
-1.0,2,397.552233
20.0,2,397.626776
20.0,2,397.698729
-1.0,2,397.774327
-1.0,2,397.847979
-1.0,2,397.924327
-1.0,2,397.998445
-1.0,2,398.075384
17.0,5,398.155979
-1.0,2,398.232312
-1.0,2,398.306175
-1.0,2,398.382945
-1.0,2,398.457925
-1.0,2,398.534773
-1.0,2,398.609708
-86.0,87,398.761554
-1.0,2,398.835592
-6.0,28,398.938961
20.0,2,399.015073
-1.0,2,399.090175
-1.0,2,399.168128
-1.0,2,399.242909
-1.0,2,399.318765
-1.0,2,399.393052
20.0,2,399.468911
-1.0,2,399.542856
-1.0,2,399.619447
-1.0,2,399.693375
-1.0,2,399.770893
-2.0,3,399.847464
-1.0,2,399.921669
20.0,2,400.002398
-1.0,2,400.076689
-1.0,2,400.153083
-106.0,107,400.330963
-1.0,2,400.409165
20.0,2,400.483124
-1.0,2,400.561702
-1.0,2,400.636966
20.0,2,400.712361
-1.0,2,400.786946
-1.0,2,400.864367
-16.0,17,400.954241
-2.0,3,401.031388
-1.0,2,401.105327
-55.0,56,401.235886
-1.0,2,401.315543
-1.0,2,401.391873
-1.0,2,401.47012
-1.0,2,401.544784
-1.0,2,401.6206
20.0,2,401.692028
-1.0,2,401.767922
-1.0,2,401.841274
-1.0,2,401.91757
20.0,2,401.990101
-1.0,2,402.067288
-1.0,2,402.141173
-1.0,2,402.216938
-1.0,2,402.291709
-1.0,2,402.368669
20.0,2,402.447127
-2.0,3,402.524594
-1.0,2,402.601439
-1.0,2,402.675471
-1.0,2,402.752801
-1.0,2,402.826901
-1.0,2,402.904714
-1.0,2,402.979961
-2.0,3,403.056839
-1.0,2,403.130825
20.0,2,403.207186
-1.0,2,403.28178
-1.0,2,403.358536
-1.0,2,403.434099
20.0,2,403.509365
-1.0,2,403.583366
-1.0,2,403.659193
-59.0,60,403.786985
-1.0,2,403.860509
-1.0,2,403.937681
-1.0,2,404.01333
-1.0,2,404.090657
-1.0,2,404.165353
-1.0,2,404.241645
-1.0,2,404.315132
20.0,2,404.389967
-1.0,2,404.465262
-2.0,3,404.542278
-1.0,2,404.619406
19.0,3,404.692761
20.0,2,404.77305
-29.0,30,404.877511
-1.0,2,404.95534
-1.0,2,405.029704
-1.0,2,405.108142
-1.0,2,405.183755
-1.0,2,405.261609
-1.0,2,405.336699
-1.0,2,405.414908
-1.0,2,405.490224
-4.0,5,405.569217
-15.0,37,405.677659
-1.0,2,405.751981
-1.0,2,405.829486
-1.0,2,405.904663
-1.0,2,405.981827
-1.0,2,406.055652
-1.0,2,406.132357
-33.0,34,406.240798
-1.0,2,406.318768
-1.0,2,406.395152
-1.0,2,406.474382
1.0,21,406.570555
20.0,2,406.646273
-1.0,2,406.721259
-1.0,2,406.799422
-1.0,2,406.874405
-1.0,2,406.952146
-70.0,71,407.110551
-1.0,2,407.197447
-1.0,2,407.272815
-1.0,2,407.350225
-39.0,40,407.465746
-1.0,2,407.53945
-1.0,2,407.615227
-1.0,2,407.6898
-1.0,2,407.767434
20.0,2,407.839469
-1.0,2,407.916446
-1.0,2,407.991188
7.0,15,408.080501
-1.0,2,408.156675
-1.0,2,408.230968
-1.0,2,408.307994
18.0,4,408.388125
-1.0,2,408.463566
20.0,2,408.539182
-1.0,2,408.614733
-1.0,2,408.692082
20.0,2,408.765277
-1.0,2,408.842292
20.0,2,408.915483
