#{"t_start": 1739780967.3679233, "env_id": "None"}
r,l,t
-5.0,6,0.008115
-16.0,17,0.015051
-12.0,13,0.020452
-15.0,16,0.026857
-4.0,5,0.029208
-1.0,2,0.030374
-15.0,16,0.036855
-19.0,20,0.044829
-27.0,28,0.055745
-13.0,14,0.061479
-2.0,3,0.06304
-6.0,7,0.066136
-3.0,4,0.06811
-6.0,7,0.071213
-7.0,8,0.074727
-48.0,49,0.093418
-2.0,3,0.095034
-2.0,3,0.097564
-14.0,15,0.103771
-10.0,11,0.108464
-22.0,22,0.117095
-1.0,2,0.118291
-7.0,8,0.121753
-9.0,10,0.125957
-15.0,16,0.132412
-5.0,6,0.135143
-12.0,13,0.140499
-2.0,3,0.142074
-10.0,11,0.146633
-8.0,9,0.150512
-3.0,4,0.152499
-14.0,15,0.158574
-8.0,9,0.162432
-7.0,8,0.165924
-16.0,17,0.172766
-19.0,20,0.180717
-6.0,6,0.183358
-3.0,4,0.185321
-3.0,4,0.187256
-11.0,12,0.192227
-18.0,19,0.199844
-20.0,21,0.208163
-17.0,18,0.215498
-2.0,3,0.217128
-12.0,13,0.223829
-1.0,2,0.22503
-3.0,4,0.22701
-3.0,3,0.228553
-2.0,3,0.2301
-6.0,7,0.2332
-15.0,16,0.239701
-6.0,7,0.242774
-1.0,2,0.243994
-2.0,2,0.245106
-11.0,12,0.250044
-12.0,12,0.254936
-8.0,9,0.258779
-1.0,2,0.259989
-1.0,2,0.261142
-2.0,3,0.262672
-11.0,12,0.26767
-5.0,6,0.270398
-3.0,4,0.272381
-1.0,2,0.273551
-18.0,19,0.281158
-4.0,4,0.283083
-11.0,12,0.288074
-27.0,28,0.298983
-6.0,7,0.302124
-11.0,12,0.307072
-34.0,35,0.3207
-3.0,4,0.322666
-5.0,6,0.325396
-32.0,33,0.338179
-6.0,7,0.341328
-4.0,5,0.343704
-17.0,17,0.350462
-43.0,43,0.366884
-1.0,2,0.368158
-1.0,2,0.370923
-2.0,3,0.372539
-12.0,13,0.377923
-10.0,11,0.382534
-13.0,14,0.388295
-1.0,2,0.389478
-7.0,8,0.392926
-2.0,3,0.394483
-9.0,9,0.398268
-4.0,5,0.400617
-1.0,2,0.401792
-1.0,2,0.402983
-9.0,10,0.407197
-10.0,10,0.41135
-5.0,5,0.413966
-15.0,15,0.42002
-9.0,10,0.424238
-16.0,17,0.431049
-2.0,3,0.432662
-11.0,12,0.437609
-8.0,9,0.441452
-10.0,11,0.446021
-6.0,7,0.44913
-14.0,14,0.454771
-3.0,3,0.456319
-10.0,11,0.4609
-10.0,11,0.465517
-5.0,6,0.468247
-2.0,3,0.469813
-5.0,6,0.472524
-5.0,6,0.475742
-5.0,6,0.478426
-7.0,8,0.481882
-12.0,13,0.487212
-4.0,4,0.489161
-13.0,14,0.494914
-38.0,38,0.509443
-4.0,5,0.511814
-17.0,18,0.518951
-3.0,4,0.520941
-4.0,5,0.523285
-2.0,3,0.52488
-24.0,24,0.534243
-5.0,6,0.536994
-25.0,26,0.547169
-5.0,6,0.549917
-19.0,20,0.557881
-11.0,12,0.562866
-2.0,3,0.564502
-5.0,6,0.568202
-12.0,13,0.573605
-7.0,8,0.577091
-10.0,11,0.581678
-8.0,9,0.585552
-8.0,9,0.589394
-2.0,3,0.590951
-4.0,5,0.593286
-8.0,9,0.5971
-15.0,16,0.603538
-4.0,5,0.605882
-15.0,16,0.612341
-6.0,7,0.615439
-6.0,7,0.618516
-8.0,9,0.622348
-16.0,17,0.629212
-33.0,34,0.642389
-1.0,2,0.643655
-7.0,8,0.647076
-3.0,4,0.649045
-10.0,11,0.654393
-29.0,30,0.666111
-3.0,4,0.668108
-1.0,2,0.669273
-22.0,23,0.678368
-2.0,2,0.679503
-3.0,4,0.681457
-3.0,4,0.68339
-8.0,9,0.687203
-38.0,39,0.702162
-10.0,11,0.706797
-3.0,4,0.708779
-15.0,16,0.715202
-6.0,7,0.718306
-29.0,30,0.730209
-4.0,5,0.732671
-4.0,5,0.735172
-29.0,30,0.747397
-7.0,8,0.750998
-16.0,16,0.757619
-3.0,3,0.759166
-1.0,2,0.760418
-2.0,3,0.762022
-6.0,7,0.765339
-3.0,4,0.767362
-33.0,34,0.782321
-20.0,20,0.790509
-15.0,16,0.797373
-1.0,2,0.798621
-5.0,6,0.801433
-9.0,10,0.805776
-4.0,5,0.808209
-3.0,4,0.810185
-18.0,19,0.817944
-5.0,6,0.82077
-5.0,6,0.823658
-10.0,11,0.828453
-15.0,15,0.834661
-3.0,4,0.8367
-4.0,5,0.839052
-10.0,11,0.843791
-1.0,2,0.845009
-6.0,7,0.848183
-1.0,2,0.850157
-9.0,10,0.854576
-7.0,8,0.858084
-3.0,4,0.860058
-6.0,7,0.863109
-6.0,7,0.866216
-2.0,3,0.867823
-7.0,8,0.871252
-1.0,2,0.872457
-5.0,6,0.875126
-4.0,4,0.877211
-1.0,2,0.878379
-5.0,5,1.54213
-6.0,7,1.545611
-15.0,16,1.552355
-14.0,15,1.55864
-2.0,3,1.560325
-6.0,7,1.563492
-5.0,6,1.566327
-4.0,5,1.56879
-3.0,4,1.570783
-3.0,4,1.572787
-16.0,17,1.579927
-11.0,12,1.58508
-8.0,9,1.589058
-1.0,2,1.590265
-2.0,3,1.591879
-1.0,2,1.593101
-4.0,5,1.595502
-2.0,3,1.597129
-8.0,9,1.601094
-10.0,11,1.605832
-5.0,6,1.60864
-2.0,3,1.610285
-1.0,2,1.611492
-2.0,2,1.612673
-3.0,4,1.614659
-6.0,7,1.617827
-5.0,6,1.620624
-6.0,7,1.623824
-2.0,3,1.625413
-12.0,13,1.630875
-5.0,6,1.634615
-13.0,14,1.640531
-12.0,13,1.64602
-6.0,7,1.649201
-1.0,2,1.65041
-1.0,2,1.651635
-3.0,4,1.653614
-5.0,6,1.656393
-3.0,4,1.658367
-2.0,2,1.659467
-2.0,3,1.661146
-1.0,2,1.662344
-3.0,4,1.664366
-3.0,4,1.666353
-4.0,5,1.668755
-10.0,11,1.673468
-13.0,14,1.679309
-7.0,8,1.68288
-13.0,14,1.688764
-4.0,5,1.691136
-4.0,5,1.69353
-3.0,3,1.695063
-1.0,2,1.696293
-5.0,6,1.69904
-4.0,4,1.701004
-2.0,3,1.702586
-2.0,3,1.704221
-1.0,2,1.705419
-1.0,2,1.706608
-5.0,6,1.709388
-3.0,3,1.710918
-4.0,5,1.713335
-5.0,6,1.716136
-6.0,6,1.71886
-6.0,7,1.722049
-4.0,5,1.724482
-2.0,3,1.726952
-5.0,6,1.729803
-4.0,5,1.73222
-8.0,8,1.735716
-9.0,10,1.740036
-2.0,3,1.741623
-5.0,6,1.74442
-2.0,3,1.746034
-11.0,12,1.751127
-4.0,4,1.753105
-2.0,3,1.754683
-2.0,3,1.756322
-3.0,4,1.758283
-7.0,8,1.761838
-2.0,3,1.76343
-7.0,8,1.766983
-4.0,5,1.769387
-5.0,6,1.772177
-5.0,6,1.774926
-1.0,2,1.776157
-3.0,4,1.778139
-2.0,3,1.779753
-5.0,6,1.782489
-1.0,2,1.783726
-3.0,4,1.785699
-14.0,15,1.79199
-5.0,5,1.794317
-2.0,3,1.795935
-4.0,5,1.79829
-8.0,8,1.801793
-15.0,16,1.808457
-4.0,5,1.81085
-9.0,10,1.815163
-7.0,8,1.818696
-1.0,2,1.819933
-1.0,2,1.821122
-4.0,5,1.823467
-1.0,2,1.824695
-3.0,4,1.826669
-1.0,2,1.828858
-4.0,5,1.831258
-1.0,2,1.832489
-2.0,3,1.834083
-2.0,3,1.835696
-12.0,13,1.841184
-2.0,3,1.842777
-17.0,18,1.850146
-3.0,4,1.852169
-8.0,9,1.856093
-1.0,2,1.857291
-4.0,5,1.85968
-4.0,5,1.862053
-11.0,12,1.867114
-4.0,4,1.869079
-27.0,28,1.880262
-6.0,7,1.88342
-8.0,9,1.887362
-4.0,5,1.889773
-1.0,2,1.890989
-1.0,2,1.892226
-7.0,8,1.89578
-7.0,8,1.899291
-18.0,19,1.907088
-8.0,9,1.911023
-19.0,20,1.919286
-3.0,4,1.921327
-3.0,4,1.923316
-2.0,3,1.924932
-1.0,2,1.927036
-3.0,4,1.929076
-1.0,2,1.930286
-1.0,2,1.931478
-2.0,2,1.932649
-5.0,6,1.935398
-5.0,6,1.938189
-1.0,2,1.939378
-2.0,3,1.941006
-21.0,22,1.949954
-15.0,16,1.956584
-2.0,3,1.958196
-3.0,4,1.960207
-8.0,9,1.964135
-1.0,2,1.965337
-4.0,5,1.967717
-8.0,9,1.971953
-2.0,3,1.973558
-1.0,2,1.974755
-1.0,2,1.975986
-3.0,4,1.97797
-12.0,13,1.983411
-3.0,4,1.985423
-1.0,2,1.986628
-12.0,12,1.991663
-1.0,2,1.992886
-1.0,2,1.994076
-5.0,6,1.996874
-4.0,4,1.998791
-4.0,5,2.001199
-8.0,8,2.004679
-3.0,4,2.006681
-2.0,3,2.008333
-27.0,28,2.019595
-4.0,5,2.021988
-13.0,14,2.027877
-3.0,4,2.029873
-8.0,9,2.033844
-1.0,2,2.035054
-26.0,27,2.045983
-4.0,5,2.048453
-4.0,5,2.050832
-5.0,6,2.053623
-8.0,9,2.057587
-12.0,13,2.063068
-2.0,3,2.06472
-6.0,7,2.06888
-4.0,5,2.071447
-1.0,2,2.072733
-13.0,14,2.078619
-4.0,5,2.081059
-10.0,11,2.085783
-3.0,4,2.087808
-18.0,19,2.095596
-1.0,2,2.096833
-1.0,2,2.098032
-5.0,6,2.100823
-3.0,4,2.102812
-5.0,6,2.1056
-4.0,5,2.107979
-9.0,10,2.112291
-1.0,2,2.113506
-1.0,2,2.114714
-8.0,9,2.118671
-1.0,2,2.120293
-5.0,5,2.122555
-2.0,3,2.124155
-1.0,2,2.125326
-1.0,2,2.126486
-6.0,6,2.12914
-3.0,4,2.131071
-4.0,4,2.132996
-1.0,2,2.134159
-8.0,8,2.137542
-19.0,20,2.145465
-9.0,10,2.149713
-4.0,5,2.152089
-9.0,10,2.156302
-2.0,3,2.157866
-2.0,3,2.159413
-1.0,2,2.160616
-2.0,3,2.162159
-12.0,13,2.167502
-6.0,7,2.170593
-1.0,2,2.171802
-9.0,10,2.175992
-4.0,5,2.178762
-2.0,3,2.180355
-5.0,6,2.183025
-8.0,9,2.18688
-7.0,8,2.190337
-9.0,10,2.194619
-7.0,8,2.198178
-5.0,6,2.20099
-1.0,2,2.202193
-2.0,3,2.203808
-2.0,3,2.205387
-11.0,12,2.210449
-12.0,13,2.215988
-8.0,9,2.219924
-8.0,9,2.223857
-10.0,11,2.228592
-2.0,3,2.230195
-7.0,8,2.233763
-2.0,3,2.235348
-2.0,3,2.236957
-4.0,5,2.239313
-2.0,3,2.240956
-12.0,13,2.246419
-6.0,7,2.249616
-7.0,8,2.253213
-3.0,4,2.255202
-16.0,17,2.262228
-2.0,3,2.263864
-3.0,4,2.265842
-4.0,4,2.267812
-4.0,5,2.270171
-3.0,4,2.272188
-1.0,2,2.273373
-1.0,2,2.27457
-18.0,19,2.283448
-7.0,8,2.287045
-1.0,2,2.288283
-1.0,2,2.289479
-10.0,11,2.294192
-3.0,3,2.295759
-5.0,6,2.298512
-6.0,7,2.301707
-16.0,17,2.308735
-2.0,2,2.309901
-1.0,2,2.3111
-1.0,2,2.312344
-3.0,4,2.31431
-12.0,13,2.319813
-3.0,3,2.321355
-3.0,4,2.323327
-2.0,3,2.324954
-2.0,3,2.326524
-2.0,3,2.328145
-1.0,2,2.329328
-2.0,3,2.330916
-32.0,33,2.344077
-8.0,9,2.348047
-3.0,3,2.349623
-4.0,5,2.352018
-6.0,7,2.355143
-4.0,5,2.357564
-9.0,10,2.361891
-3.0,4,2.363903
-4.0,4,2.365817
-2.0,3,2.367393
-2.0,3,2.369012
-1.0,2,2.370202
-1.0,2,2.371393
-2.0,3,2.373019
-8.0,9,2.376956
-5.0,6,2.379746
-1.0,2,2.380941
-3.0,4,2.382908
-13.0,14,2.38882
-3.0,4,2.390826
-3.0,4,2.392857
-2.0,3,2.394457
-2.0,3,2.397259
-1.0,2,2.398509
-9.0,10,2.402919
-2.0,3,2.404571
-2.0,3,2.406165
-13.0,14,2.41205
-12.0,13,2.417504
-4.0,5,2.419922
-5.0,6,2.42267
-6.0,7,2.425836
-1.0,2,2.427039
-17.0,18,2.434409
-6.0,7,2.437583
-18.0,19,2.445323
-2.0,3,2.446946
-9.0,9,2.450851
-1.0,2,2.452114
-3.0,4,2.454096
-1.0,2,2.455281
-15.0,16,2.461888
-1.0,2,2.463107
-15.0,16,2.470297
-3.0,4,2.472352
-5.0,6,2.475114
-3.0,4,2.47712
-6.0,7,2.480317
-4.0,4,2.482246
-2.0,3,2.48388
-1.0,2,2.485069
-1.0,2,2.486255
-4.0,5,3.534113
-4.0,4,3.536359
-3.0,4,3.53839
-1.0,2,3.539634
-1.0,2,3.540845
-2.0,3,3.542452
-3.0,3,3.544061
-4.0,4,3.545992
-9.0,10,3.550364
-3.0,4,3.552407
-1.0,2,3.553603
-6.0,6,3.556356
-4.0,5,3.558712
-7.0,8,3.562284
-4.0,5,3.564751
-2.0,3,3.566367
-5.0,6,3.569188
-1.0,2,3.570397
-3.0,3,3.571981
-2.0,3,3.573598
-3.0,4,3.575594
-2.0,3,3.577183
-1.0,2,3.578373
-4.0,5,3.580837
-3.0,4,3.582819
-1.0,2,3.584048
-2.0,3,3.585648
-7.0,8,3.589208
-2.0,3,3.590796
-1.0,2,3.592032
-1.0,2,3.593219
-5.0,6,3.595989
-4.0,5,3.598356
-1.0,2,3.599563
-5.0,5,3.601894
-4.0,5,3.604322
-13.0,14,3.610192
-7.0,8,3.613816
-5.0,6,3.616619
-12.0,13,3.622114
-2.0,3,3.623765
-3.0,4,3.625747
-2.0,3,3.627344
-4.0,5,3.629746
-7.0,8,3.633336
-2.0,3,3.634935
-1.0,2,3.636181
-1.0,2,3.637374
-2.0,3,3.638948
-1.0,2,3.640199
-1.0,2,3.641389
-2.0,3,3.642974
-1.0,2,3.645381
-2.0,3,3.647021
-2.0,3,3.648689
-2.0,3,3.650287
-6.0,7,3.653584
-1.0,2,3.654821
-3.0,3,3.656396
-1.0,2,3.657621
-2.0,3,3.659221
-4.0,5,3.661643
-1.0,2,3.662845
-2.0,3,3.664533
-4.0,5,3.666926
-2.0,3,3.668536
-6.0,7,3.671693
-4.0,5,3.674073
-7.0,8,3.677644
-5.0,6,3.680466
-2.0,3,3.68207
-1.0,2,3.683274
-2.0,3,3.684889
-1.0,2,3.686073
-8.0,9,3.690045
-2.0,3,3.691674
-2.0,3,3.693252
-1.0,2,3.694448
-1.0,2,3.695667
-1.0,2,3.696861
-4.0,5,3.69921
-2.0,3,3.700826
-1.0,2,3.702013
-3.0,4,3.704043
-1.0,2,3.705237
-6.0,7,3.708403
-1.0,2,3.709601
-6.0,7,3.712798
-2.0,3,3.714403
-3.0,4,3.716422
-2.0,3,3.71803
-6.0,7,3.721226
-1.0,2,3.722429
-26.0,27,3.733315
-7.0,8,3.736913
-4.0,5,3.739288
-3.0,4,3.741313
-4.0,5,3.743721
-1.0,2,3.744921
-3.0,4,3.746882
-8.0,9,3.750848
-5.0,5,3.753197
-1.0,2,3.754398
-8.0,9,3.758347
-2.0,3,3.759986
-4.0,4,3.76282
-2.0,3,3.764469
-5.0,6,3.767257
-1.0,2,3.768513
-1.0,2,3.769715
-1.0,2,3.770902
-3.0,4,3.772921
-8.0,8,3.776421
-1.0,2,3.777627
-2.0,3,3.779204
-4.0,5,3.781623
-4.0,5,3.78401
-6.0,7,3.787176
-3.0,4,3.789216
-1.0,2,3.790419
-12.0,13,3.795924
-2.0,3,3.797524
-3.0,3,3.799049
-3.0,3,3.800619
-2.0,3,3.802206
-2.0,2,3.803342
-2.0,3,3.80496
-1.0,2,3.806159
-3.0,4,3.808183
-1.0,2,3.809385
-1.0,2,3.810584
-3.0,4,3.812614
-8.0,8,3.816138
-2.0,3,3.817748
-3.0,4,3.819768
-2.0,3,3.821371
-1.0,2,3.822573
-2.0,3,3.82419
-2.0,3,3.825791
-3.0,4,3.827807
-4.0,5,3.830178
-3.0,4,3.832216
-3.0,4,3.834208
-3.0,4,3.836829
-3.0,4,3.83882
-1.0,2,3.840058
-2.0,3,3.841641
-1.0,2,3.842835
-1.0,2,3.844072
-1.0,2,3.845258
-2.0,3,3.846835
-1.0,2,3.848086
-15.0,16,3.854696
-1.0,2,3.855937
-3.0,4,3.8579
-2.0,3,3.859496
-1.0,2,3.86072
-4.0,5,3.863066
-2.0,3,3.8647
-1.0,2,3.865892
-4.0,5,3.868262
-1.0,2,3.869451
-5.0,6,3.872248
-2.0,3,3.873849
-2.0,3,3.875433
-9.0,10,3.879759
-2.0,3,3.881364
-2.0,3,3.882952
-2.0,3,3.884561
-1.0,2,3.885743
-6.0,7,3.88895
-3.0,4,3.890938
-3.0,4,3.892961
-4.0,5,3.895337
-3.0,4,3.897351
-7.0,8,3.900878
-1.0,2,3.902081
-1.0,2,3.903273
-6.0,7,3.906508
-7.0,8,3.910093
-1.0,2,3.911302
-4.0,4,3.913258
-4.0,5,3.915673
-2.0,3,3.917272
-1.0,2,3.918464
-3.0,4,3.920483
-3.0,3,3.922013
-4.0,5,3.9252
-6.0,7,3.928394
-32.0,33,3.941533
-2.0,3,3.943153
-1.0,2,3.944397
-1.0,2,3.945586
-3.0,3,3.9471
-1.0,2,3.948326
-1.0,2,3.949516
-3.0,3,3.951027
-3.0,4,3.95304
-1.0,2,3.954235
-13.0,14,3.960108
-2.0,3,3.961735
-1.0,2,3.962938
-6.0,7,3.966133
-1.0,2,3.967333
-5.0,6,3.970119
-2.0,3,3.971735
-4.0,5,3.97411
-3.0,4,3.97613
-3.0,4,3.978111
-2.0,3,3.979728
-2.0,2,3.980866
-1.0,2,3.982468
-1.0,2,3.983431
-2.0,2,3.984345
-1.0,2,3.985263
-1.0,2,3.986188
-4.0,5,3.994668
-2.0,3,3.996337
-6.0,7,3.99954
-4.0,5,4.00196
-1.0,2,4.003166
-1.0,2,4.004391
-10.0,11,4.009127
-13.0,14,4.015018
-1.0,2,4.016273
-4.0,5,4.018627
-3.0,4,4.020657
-4.0,5,4.023032
-11.0,12,4.028161
-2.0,3,4.029766
-2.0,3,4.031371
-2.0,3,4.033253
-4.0,5,4.035657
-1.0,2,4.036862
-6.0,7,4.040027
-3.0,4,4.042003
-2.0,3,4.043612
-2.0,3,4.045207
-2.0,3,4.046804
-2.0,2,4.047975
-7.0,8,4.05148
-1.0,2,4.052713
-3.0,4,4.054694
-12.0,13,4.060206
-10.0,11,4.064922
-3.0,4,4.066915
-5.0,6,4.06969
-2.0,3,4.071292
-3.0,3,4.072865
-4.0,5,4.075219
-6.0,6,4.077966
-1.0,2,4.07917
-2.0,3,4.080791
-1.0,2,4.081975
-12.0,13,4.087461
-5.0,6,4.090285
-2.0,3,4.091929
-1.0,2,4.093137
-4.0,5,4.095529
-1.0,2,4.09674
-1.0,2,4.097951
-3.0,4,4.099976
-7.0,8,4.103487
-3.0,3,4.105021
-11.0,12,4.110092
-3.0,4,4.112107
-4.0,4,4.114024
-6.0,7,4.117189
-12.0,13,4.122655
-5.0,6,4.125462
-7.0,8,4.129014
-1.0,2,4.130232
-8.0,9,4.134203
-11.0,11,4.13887
-1.0,2,4.140144
-3.0,4,4.142124
-1.0,2,4.143327
-1.0,2,4.144561
-8.0,9,4.148777
-1.0,2,4.150004
-3.0,4,4.152043
-1.0,2,4.154508
-3.0,4,4.156563
-2.0,3,4.158151
-1.0,2,4.159369
-3.0,4,4.161464
-13.0,14,4.167314
-3.0,4,4.169342
-2.0,2,4.170481
-1.0,2,4.171707
-2.0,3,4.173284
-4.0,5,4.175691
-5.0,6,4.178447
-5.0,6,4.181236
-4.0,4,4.18318
-1.0,2,4.184409
-1.0,2,4.185599
-1.0,2,4.186779
-5.0,6,4.189565
-4.0,5,4.191949
-1.0,2,4.193153
-2.0,3,4.194731
-1.0,2,4.195956
-1.0,2,4.197144
-4.0,5,4.199505
-12.0,12,4.20459
-2.0,2,4.20575
-5.0,6,4.208556
-4.0,5,4.210943
-3.0,4,4.212979
-2.0,3,4.214592
-1.0,2,4.215823
-2.0,3,4.217405
-2.0,3,4.218977
-1.0,2,4.220189
-3.0,4,4.222163
-3.0,4,4.22418
-4.0,5,4.226546
-3.0,4,4.228567
-1.0,2,4.229762
-4.0,4,4.23172
-6.0,7,4.234872
-4.0,5,4.237295
-4.0,5,4.239689
-5.0,6,4.242452
-2.0,3,4.244062
-10.0,11,4.248755
-4.0,5,4.251125
-2.0,3,4.252748
-2.0,3,4.254328
-2.0,3,4.255947
-6.0,6,4.259596
-2.0,3,4.261218
-1.0,2,4.262418
-11.0,12,4.267899
-1.0,2,4.26914
-6.0,7,4.272343
-2.0,3,4.273928
-5.0,6,4.276713
-1.0,2,4.27792
-1.0,2,4.279105
-2.0,3,4.280725
-2.0,3,4.28232
-1.0,2,4.283529
-1.0,2,4.284738
-2.0,3,4.286335
-6.0,7,4.289515
-3.0,4,4.291497
-3.0,4,4.293502
-5.0,6,4.296297
-6.0,7,4.299443
-1.0,2,4.301057
-2.0,2,4.302605
-1.0,2,4.304277
-3.0,4,4.307
-3.0,3,4.309131
-1.0,2,4.310526
-1.0,2,4.311944
-12.0,13,4.318264
-1.0,2,4.319692
-2.0,3,4.321527
-4.0,5,4.324307
-3.0,3,4.326289
-7.0,8,4.331264
-1.0,2,4.332952
-3.0,4,4.33568
-3.0,4,4.338425
-6.0,7,4.342006
-1.0,2,4.343206
-4.0,5,4.345595
-1.0,2,4.346775
-3.0,4,4.348751
-7.0,8,4.352229
-2.0,3,4.353773
-3.0,4,4.355731
-1.0,2,4.357682
-3.0,4,4.359664
-2.0,3,4.361217
-2.0,3,4.362757
-1.0,2,4.363958
-2.0,3,4.365514
-1.0,2,4.366684
-2.0,3,4.368265
-1.0,2,4.369423
-5.0,6,4.37213
-7.0,8,4.375572
-28.0,29,4.38684
-1.0,2,4.388077
-2.0,3,4.389617
-1.0,2,4.390778
-3.0,4,4.392734
-1.0,2,4.393895
-1.0,2,4.395058
-2.0,3,4.39664
-2.0,3,4.398193
-1.0,2,4.399359
-1.0,2,4.400552
-3.0,4,4.402477
-1.0,2,4.403682
-3.0,4,4.405601
-9.0,9,4.409376
-3.0,4,4.411333
-1.0,2,4.412544
-3.0,4,4.414466
-8.0,8,4.417849
-10.0,11,4.422412
-3.0,4,4.424382
-5.0,6,4.427063
-1.0,2,4.428837
-2.0,3,4.430402
-2.0,3,4.432001
-3.0,4,4.433924
-1.0,2,4.435105
-11.0,12,4.44011
-1.0,2,4.44129
-12.0,13,4.446588
-1.0,2,4.447806
-1.0,2,4.448975
-2.0,3,4.450521
-6.0,7,4.453762
-1.0,2,4.454958
-5.0,6,4.457711
-2.0,3,4.459273
-1.0,2,4.460487
-1.0,2,4.461653
-12.0,13,4.466982
-3.0,4,4.468966
-2.0,2,4.470073
-2.0,3,4.471632
-2.0,3,4.473173
-1.0,2,4.474336
-3.0,4,4.476293
-7.0,8,4.479738
-1.0,2,4.48091
-4.0,5,4.483205
-3.0,4,4.485179
-5.0,6,4.487935
-4.0,5,4.490236
-1.0,2,4.4914
-1.0,2,4.492602
-4.0,5,4.4949
-9.0,10,4.499125
-2.0,3,4.50071
-3.0,4,4.503246
-3.0,3,4.504778
-5.0,6,4.507446
-6.0,7,4.510524
-2.0,3,4.512134
-2.0,3,4.513683
-3.0,4,4.515617
-3.0,4,4.517543
-3.0,4,4.519454
-4.0,5,4.521808
-9.0,10,4.525992
-18.0,19,4.533513
-2.0,3,4.535079
-14.0,15,4.541119
-2.0,3,4.542678
-2.0,3,4.544253
-10.0,11,4.548808
-2.0,3,4.550364
-1.0,2,4.551546
-1.0,2,4.552729
-2.0,2,5.187268
-2.0,3,5.189178
-3.0,4,5.191276
-5.0,6,5.194144
-7.0,8,5.197778
-3.0,4,5.19981
-1.0,2,5.201017
-4.0,5,5.203396
-7.0,8,5.206969
-1.0,2,5.208216
-1.0,2,5.209415
-3.0,4,5.211396
-2.0,3,5.21304
-2.0,3,5.214646
-3.0,3,5.216225
-1.0,2,5.217425
-1.0,2,5.218605
-1.0,2,5.219859
-1.0,2,5.221058
-1.0,2,5.22225
-1.0,2,5.223436
-1.0,2,5.224671
-2.0,3,5.226274
-6.0,7,5.229477
-5.0,6,5.232311
-9.0,10,5.236669
-1.0,2,5.237911
-1.0,2,5.239116
-2.0,3,5.240747
-1.0,2,5.241945
-2.0,3,5.243551
-1.0,2,5.244763
-1.0,2,5.245964
-1.0,2,5.247162
-3.0,4,5.249179
-1.0,2,5.250375
-1.0,2,5.251611
-2.0,2,5.252755
-1.0,2,5.253946
-2.0,3,5.255542
-2.0,3,5.257151
-4.0,5,5.2595
-1.0,2,5.260755
-3.0,4,5.262732
-1.0,2,5.263968
-2.0,2,5.265325
-1.0,2,5.267164
-2.0,3,5.268788
-1.0,2,5.269972
-2.0,3,5.271551
-1.0,2,5.272756
-2.0,3,5.274317
-1.0,2,5.275489
-1.0,2,5.27669
-1.0,2,5.277849
-3.0,4,5.279827
-3.0,4,5.281753
-1.0,2,5.282908
-1.0,2,5.284095
-2.0,3,5.285636
-2.0,3,5.287184
-1.0,2,5.288382
-1.0,2,5.289541
-1.0,2,5.290694
-2.0,3,5.292272
-3.0,4,5.294186
-2.0,2,5.295287
-2.0,3,5.296858
-6.0,7,5.299935
-4.0,5,5.302252
-4.0,5,5.304615
-1.0,2,5.305782
-4.0,4,5.307673
-5.0,6,5.310357
-1.0,2,5.311537
-3.0,4,5.313483
-4.0,5,5.315812
-7.0,8,5.319241
-2.0,3,5.320827
-2.0,3,5.32236
-3.0,4,5.324315
-2.0,3,5.325864
-4.0,5,5.328177
-1.0,2,5.329346
-3.0,3,5.330842
-5.0,6,5.333554
-2.0,3,5.335114
-1.0,2,5.336305
-1.0,2,5.337461
-4.0,5,5.33978
-3.0,4,5.341703
-1.0,2,5.342866
-4.0,5,5.345199
-2.0,3,5.34739
-1.0,2,5.348595
-1.0,2,5.349792
-1.0,2,5.350964
-7.0,7,5.354008
-1.0,2,5.35519
-5.0,6,5.357906
-1.0,2,5.35907
-2.0,3,5.360646
-2.0,3,5.362194
-3.0,4,5.364147
-8.0,9,5.367974
-2.0,3,5.369521
-2.0,3,5.371059
-6.0,7,5.374132
-7.0,8,5.377772
-2.0,2,5.378884
-2.0,3,5.380464
-2.0,3,5.382006
-4.0,5,5.384332
-2.0,3,5.385878
-2.0,3,5.387415
-1.0,2,5.388605
-6.0,7,5.391681
-2.0,3,5.393229
-1.0,2,5.394382
-2.0,3,5.395962
-4.0,5,5.398272
-1.0,2,5.399434
-3.0,4,5.401382
-1.0,2,5.402543
-2.0,3,5.404124
-1.0,2,5.405287
-1.0,2,5.406435
-1.0,2,5.407618
-2.0,2,5.408728
-2.0,3,5.410273
-2.0,3,5.411845
-3.0,3,5.413344
-2.0,2,5.414461
-2.0,3,5.416046
-3.0,4,5.417979
-1.0,2,5.419156
-2.0,3,5.420735
-2.0,2,5.421837
-2.0,2,5.42293
-2.0,2,5.424055
-1.0,2,5.425207
-3.0,4,5.427133
-2.0,3,5.428723
-1.0,2,5.429884
-3.0,4,5.431837
-2.0,3,5.433385
-1.0,2,5.434556
-2.0,3,5.43615
-2.0,3,5.437699
-3.0,4,5.43965
-2.0,3,5.4412
-1.0,2,5.442358
-4.0,5,5.444709
-1.0,2,5.445875
-1.0,2,5.447046
-1.0,2,5.448245
-1.0,2,5.449402
-6.0,7,5.452493
-4.0,5,5.454927
-2.0,3,5.456555
-2.0,3,5.458129
-1.0,2,5.459296
-1.0,2,5.460488
-4.0,5,5.462799
-1.0,2,5.464013
-2.0,3,5.465577
-1.0,2,5.466751
-1.0,2,5.467943
-1.0,2,5.469105
-1.0,2,5.470261
-1.0,2,5.471415
-1.0,2,5.472606
-3.0,4,5.474542
-8.0,9,5.478391
-1.0,2,5.479599
-3.0,4,5.481528
-1.0,2,5.482686
-5.0,6,5.485405
-7.0,8,5.489941
-5.0,6,5.49267
-3.0,4,5.494603
-4.0,5,5.496956
-1.0,2,5.498131
-3.0,4,5.500078
-4.0,5,5.502389
-1.0,2,5.503603
-2.0,3,5.505167
-1.0,2,5.50633
-8.0,8,5.509731
-2.0,3,5.511288
-5.0,5,5.513568
-2.0,3,5.515111
-2.0,3,5.516692
-1.0,2,5.517855
-4.0,5,5.520204
-1.0,2,5.521371
-1.0,2,5.522531
-6.0,7,5.525633
-1.0,2,5.526802
-2.0,3,5.528389
-2.0,3,5.52993
-5.0,6,5.532637
-8.0,8,5.536037
-1.0,2,5.537201
-1.0,2,5.538361
-2.0,3,5.53994
-1.0,2,5.541104
-1.0,2,5.54226
-2.0,3,5.543827
-3.0,4,5.545749
-1.0,2,5.54691
-1.0,2,5.548109
-1.0,2,5.549272
-1.0,2,5.550426
-2.0,3,5.552005
-1.0,2,5.553163
-3.0,4,5.555078
-1.0,2,5.556273
-1.0,2,5.557423
-2.0,3,5.558965
-2.0,3,5.560548
-2.0,3,5.562094
-1.0,2,5.563251
-2.0,3,5.564839
-3.0,4,5.566764
-1.0,2,5.567955
-1.0,2,5.569117
-3.0,3,5.570602
-3.0,4,5.572572
-2.0,2,5.57378
-7.0,8,5.577312
-1.0,2,5.578497
-1.0,2,5.579698
-1.0,2,5.580868
-6.0,7,5.583979
-1.0,2,5.585153
-2.0,3,5.586713
-6.0,7,5.589826
-1.0,2,5.591003
-5.0,5,5.593285
-2.0,3,5.594836
-5.0,6,5.597547
-2.0,3,5.599094
-3.0,4,5.601059
-2.0,3,5.602615
-5.0,5,5.604908
-3.0,4,5.60683
-2.0,3,5.608414
-4.0,5,5.610712
-1.0,2,5.611907
-4.0,5,5.614209
-1.0,2,5.615385
-2.0,3,5.618267
-1.0,2,5.61944
-1.0,2,5.620644
-2.0,3,5.622201
-1.0,2,5.623366
-2.0,3,5.624958
-2.0,3,5.626511
-6.0,7,5.629612
-4.0,5,5.63197
-1.0,2,5.633147
-2.0,3,5.63469
-5.0,6,5.637421
-1.0,2,5.638587
-1.0,2,5.63979
-3.0,4,5.641711
-2.0,3,5.643258
-9.0,10,5.647473
-7.0,8,5.650948
-3.0,4,5.652914
-2.0,3,5.65445
-1.0,2,5.65564
-4.0,5,5.657952
-2.0,2,5.659065
-2.0,3,5.660644
-3.0,4,5.662559
-2.0,3,5.664141
-2.0,3,5.665684
-4.0,4,5.667567
-2.0,3,5.669127
-1.0,2,5.67029
-1.0,2,5.671451
-2.0,3,5.673024
-1.0,2,5.674184
-3.0,4,5.676132
-1.0,2,5.677298
-1.0,2,5.678456
-2.0,3,5.680071
-8.0,9,5.683912
-2.0,2,5.685029
-2.0,3,5.686572
-1.0,2,5.687768
-4.0,5,5.690063
-1.0,2,5.691225
-1.0,2,5.692429
-3.0,3,5.69392
-1.0,2,5.695078
-4.0,4,5.696989
-1.0,2,5.698163
-1.0,2,5.699324
-2.0,3,5.701601
-4.0,5,5.703956
-1.0,2,5.705129
-2.0,3,5.706724
-1.0,2,5.707931
-2.0,3,5.709487
-1.0,2,5.710652
-1.0,2,5.711848
-1.0,2,5.713006
-3.0,4,5.71491
-1.0,2,5.716106
-1.0,2,5.717259
-1.0,2,5.718406
-6.0,7,5.721477
-3.0,4,5.723404
-1.0,2,5.724599
-4.0,5,5.726903
-2.0,3,5.728484
-1.0,2,5.72964
-1.0,2,5.730785
-1.0,2,5.731971
-7.0,8,5.735387
-5.0,5,5.737662
-3.0,4,5.73961
-2.0,3,5.74117
-4.0,5,5.743468
-11.0,12,5.748439
-2.0,3,5.749995
-3.0,4,5.751951
-1.0,2,5.753114
-1.0,2,5.754285
-1.0,2,5.755445
-2.0,3,5.757016
-4.0,5,5.759294
-4.0,5,5.761651
-8.0,9,5.765869
-2.0,3,5.767465
-4.0,5,5.769808
-8.0,9,5.773664
-1.0,2,5.774834
-5.0,6,5.778109
-2.0,3,5.779709
-1.0,2,5.780876
-1.0,2,5.782038
-1.0,2,5.783197
-1.0,2,5.784377
-3.0,4,5.786297
-1.0,2,5.787462
-2.0,3,5.789083
-1.0,2,5.790245
-2.0,3,5.791817
-3.0,3,5.793303
-3.0,4,5.795219
-1.0,2,5.796408
-2.0,3,5.797944
-6.0,7,5.801042
-1.0,2,5.80221
-1.0,2,5.803364
-3.0,4,5.805306
-4.0,4,5.807177
-1.0,2,5.808379
-2.0,3,5.809919
-1.0,2,5.811081
-2.0,3,5.812663
-3.0,4,5.814582
-3.0,3,5.816118
-4.0,4,5.817981
-3.0,4,5.819926
-2.0,3,5.821465
-1.0,2,5.822629
-8.0,9,5.826471
-6.0,7,5.829571
-7.0,8,5.833027
-3.0,4,5.834977
-1.0,2,5.836179
-1.0,2,5.837355
-1.0,2,5.838521
-1.0,2,5.839707
-1.0,2,5.840871
-2.0,3,5.842411
-4.0,5,5.844736
-1.0,2,5.845896
-3.0,4,5.847841
-2.0,3,5.849382
-6.0,6,5.852033
-1.0,2,5.853208
-2.0,3,5.854758
-4.0,5,5.857774
-2.0,3,5.859333
-1.0,2,5.860528
-2.0,3,5.862073
-1.0,2,5.863337
-3.0,4,5.86536
-2.0,3,5.866929
-1.0,2,5.868156
-1.0,2,5.869323
-2.0,3,5.87086
-2.0,3,5.87245
-3.0,4,5.874422
-1.0,2,5.87562
-3.0,4,5.877546
-2.0,2,5.878696
-3.0,4,5.880666
-1.0,2,5.881835
-4.0,5,5.884243
-2.0,2,5.88536
-1.0,2,5.886525
-5.0,5,5.888852
-2.0,3,5.890393
-1.0,2,5.891569
-3.0,4,5.893546
-1.0,2,5.894961
-1.0,2,5.896162
-3.0,4,5.898087
-3.0,4,5.900098
-3.0,4,5.902035
-3.0,4,5.904032
-4.0,5,5.906351
-3.0,4,5.908337
-3.0,4,5.910315
-1.0,2,5.911481
-1.0,2,5.91268
-8.0,9,5.916559
-1.0,2,5.917752
-1.0,2,5.918947
-1.0,2,5.920163
-2.0,3,5.921716
-7.0,7,5.924796
-7.0,8,5.928276
-1.0,2,5.929493
-4.0,5,5.931846
-1.0,2,5.933017
-1.0,2,5.934187
-5.0,5,5.936507
-2.0,3,5.93807
-4.0,5,5.94047
-2.0,3,5.94203
-1.0,2,5.9432
-2.0,3,5.944827
-2.0,3,5.9464
-1.0,2,5.947591
-1.0,2,5.94876
-1.0,2,5.949955
-1.0,2,5.951117
-2.0,2,5.952251
-2.0,3,5.953791
-2.0,3,5.955359
-3.0,4,5.957315
-7.0,7,5.960397
-3.0,4,5.962341
-2.0,2,5.963448
-2.0,2,5.964579
-1.0,2,5.965771
-3.0,4,5.967743
-1.0,2,5.968916
-1.0,2,5.970724
-4.0,4,5.972644
-2.0,3,5.974187
-1.0,2,5.975395
-1.0,2,5.976592
-1.0,2,5.977756
-4.0,5,5.980126
-1.0,2,5.981311
-2.0,3,5.982857
-6.0,7,5.985996
-1.0,2,5.987173
-1.0,2,5.988422
-2.0,3,5.989974
-4.0,5,5.996235
-1.0,2,5.997492
-1.0,2,5.998663
-2.0,3,6.000262
-2.0,3,6.001867
-6.0,7,6.004966
-1.0,2,6.006204
-1.0,2,6.007385
-2.0,3,6.008983
-2.0,3,6.010528
-1.0,2,6.011764
-5.0,6,6.014456
-1.0,2,6.015657
-4.0,5,6.018016
-1.0,2,6.019185
-1.0,2,6.020373
-1.0,2,6.021588
-6.0,7,6.024712
-2.0,3,6.026314
-4.0,5,6.028668
-1.0,2,6.029833
-1.0,2,6.030996
-4.0,4,6.032942
-1.0,2,6.034151
-4.0,5,6.036522
-1.0,2,6.037696
-2.0,3,6.039239
-2.0,3,6.040825
-1.0,2,6.042028
-2.0,3,6.043607
-4.0,5,6.045927
-4.0,4,6.047869
-4.0,4,6.049724
-2.0,3,6.051268
-2.0,3,6.052885
-2.0,3,6.054426
-1.0,2,6.055613
-1.0,2,6.056809
-1.0,2,6.057971
-4.0,5,6.060315
-4.0,5,6.062682
-1.0,2,6.063883
-2.0,3,6.065428
-4.0,5,6.068648
-2.0,3,6.070332
-3.0,4,6.07242
-3.0,4,6.074402
-1.0,2,6.075612
-3.0,3,6.077162
-2.0,3,6.078735
-2.0,3,6.080325
-2.0,3,6.081888
-2.0,2,6.08304
-3.0,4,6.085018
-3.0,4,6.086961
-2.0,2,6.088149
-2.0,3,6.08971
-2.0,3,6.091264
-1.0,2,6.092502
-6.0,7,6.095588
-3.0,4,6.097582
-2.0,3,6.09914
-6.0,7,6.102231
-2.0,3,6.103849
-5.0,5,6.106111
-2.0,3,6.107739
-2.0,3,6.109324
-5.0,6,6.112065
-3.0,4,6.114062
-1.0,2,6.115245
-1.0,2,6.116455
-1.0,2,6.117618
-1.0,2,6.118818
-2.0,2,6.119943
-1.0,2,6.121112
-1.0,2,6.122268
-1.0,2,6.123477
-1.0,2,6.124677
-4.0,5,6.12699
-1.0,2,6.128226
-1.0,2,6.129397
-2.0,3,6.130944
-3.0,4,6.132907
-4.0,5,6.135248
-1.0,2,6.136454
-3.0,4,6.13841
-1.0,2,6.139608
-3.0,4,6.14153
-1.0,2,6.142717
-1.0,2,6.143957
-8.0,8,6.147337
-2.0,3,6.148998
-2.0,3,6.150563
-2.0,3,6.152187
-1.0,2,6.153367
-4.0,5,6.15649
-2.0,3,6.158048
-2.0,3,6.159681
-3.0,3,6.161179
-6.0,7,6.164317
-2.0,3,6.16588
-3.0,4,6.167836
-2.0,3,6.169445
-4.0,5,6.171784
-1.0,2,6.172962
-1.0,2,6.174168
-1.0,2,6.175331
-1.0,2,6.176517
-5.0,6,6.179211
-7.0,8,6.182673
-1.0,2,6.183883
-1.0,2,6.185077
-1.0,2,6.186226
-9.0,10,6.1905
-1.0,2,6.191726
-2.0,3,6.193294
-1.0,2,6.194492
-1.0,2,6.195702
-2.0,2,6.196825
-1.0,2,6.197978
-1.0,2,6.199131
-2.0,3,6.200744
-8.0,9,6.204664
-1.0,2,6.206194
-2.0,3,6.207788
-4.0,5,6.210154
-3.0,4,6.212137
-3.0,4,6.214062
-1.0,2,6.215274
-5.0,6,6.218002
-6.0,6,6.220731
-6.0,7,6.223838
-3.0,4,6.225837
-2.0,2,6.226959
-1.0,2,6.228157
-2.0,3,6.229707
-4.0,5,6.232077
-1.0,2,6.233245
-3.0,4,6.235218
-2.0,3,6.236821
-5.0,6,6.889778
-1.0,2,6.891182
-2.0,3,6.892812
-1.0,2,6.894005
-1.0,2,6.89518
-2.0,3,6.896778
-1.0,2,6.897965
-5.0,6,6.900701
-1.0,2,6.901871
-1.0,2,6.90304
-4.0,5,6.905372
-2.0,3,6.906939
-1.0,2,6.90814
-1.0,2,6.909304
-2.0,3,6.910843
-1.0,2,6.91205
-5.0,6,6.914761
-6.0,7,6.91787
-2.0,3,6.91944
-1.0,2,6.920632
-4.0,5,6.922928
-4.0,5,6.925289
-4.0,4,6.927159
-1.0,2,6.928365
-1.0,2,6.929543
-1.0,2,6.930699
-1.0,2,6.9319
-3.0,4,6.933827
-2.0,3,6.935369
-2.0,3,6.936944
-2.0,3,6.938485
-2.0,2,6.939613
-1.0,2,6.940806
-1.0,2,6.941964
-3.0,4,6.943927
-1.0,2,6.945096
-2.0,3,6.946642
-3.0,4,6.948615
-2.0,3,6.950164
-1.0,2,6.951329
-2.0,3,6.953374
-2.0,3,6.954932
-3.0,4,6.956899
-2.0,2,6.958014
-2.0,3,6.959566
-1.0,2,6.960735
-3.0,4,6.962653
-1.0,2,6.963851
-1.0,2,6.965016
-3.0,4,6.966938
-1.0,2,6.968134
-1.0,2,6.969297
-3.0,3,6.970776
-1.0,2,6.971965
-1.0,2,6.973128
-1.0,2,6.974288
-2.0,2,6.975398
-1.0,2,6.976589
-1.0,2,6.977748
-1.0,2,6.978912
-5.0,6,6.981636
-3.0,4,6.983605
-1.0,2,6.984776
-1.0,2,6.98592
-1.0,2,6.987073
-2.0,3,6.988659
-1.0,2,6.989818
-2.0,3,6.991357
-1.0,2,6.99255
-1.0,2,6.993707
-1.0,2,6.99486
-3.0,3,6.99638
-4.0,5,6.998682
-2.0,3,7.000292
-2.0,3,7.001837
-3.0,3,7.003325
-1.0,2,7.004515
-2.0,3,7.006059
-1.0,2,7.007223
-4.0,5,7.009568
-1.0,2,7.010732
-1.0,2,7.011936
-1.0,2,7.013103
-1.0,2,7.014252
-4.0,5,7.016588
-1.0,2,7.01775
-1.0,2,7.018909
-6.0,7,7.022015
-3.0,4,7.02401
-3.0,4,7.025931
-1.0,2,7.027092
-1.0,2,7.028301
-4.0,5,7.030613
-1.0,2,7.031818
-1.0,2,7.032981
-2.0,3,7.034532
-1.0,2,7.035734
-1.0,2,7.036896
-1.0,2,7.03805
-2.0,3,7.039631
-1.0,2,7.040807
-3.0,4,7.042731
-2.0,2,7.043875
-1.0,2,7.045031
-2.0,3,7.04736
-1.0,2,7.048588
-5.0,6,7.051277
-2.0,3,7.052861
-3.0,4,7.054793
-3.0,4,7.056751
-1.0,2,7.057919
-1.0,2,7.059077
-2.0,3,7.060656
-6.0,7,7.063725
-1.0,2,7.064895
-3.0,4,7.066847
-1.0,2,7.068066
-2.0,2,7.069177
-2.0,2,7.070275
-1.0,2,7.071431
-2.0,3,7.073011
-1.0,2,7.074172
-3.0,3,7.075694
-2.0,2,7.076794
-1.0,2,7.077945
-1.0,2,7.0791
-1.0,2,7.080292
-1.0,2,7.08145
-3.0,4,7.083362
-4.0,5,7.085681
-3.0,4,7.087637
-9.0,10,7.091841
-3.0,4,7.09379
-2.0,3,7.095348
-4.0,5,7.097689
-2.0,3,7.099235
-2.0,3,7.100809
-5.0,6,7.103478
-1.0,2,7.104681
-2.0,2,7.105789
-2.0,2,7.106887
-2.0,3,7.108462
-1.0,2,7.109619
-1.0,2,7.110767
-1.0,2,7.11195
-3.0,3,7.113439
-1.0,2,7.1146
-1.0,2,7.11579
-1.0,2,7.116944
-1.0,2,7.118098
-1.0,2,7.119249
-2.0,3,7.120816
-1.0,2,7.121966
-1.0,2,7.12312
-1.0,2,7.124312
-3.0,4,7.126226
-2.0,3,7.127798
-1.0,2,7.128955
-1.0,2,7.130107
-3.0,3,7.131628
-4.0,5,7.133938
-2.0,3,7.135492
-1.0,2,7.136691
-2.0,3,7.138233
-4.0,5,7.140576
-1.0,2,7.141753
-1.0,2,7.142907
-4.0,4,7.144808
-3.0,4,7.14673
-4.0,5,7.149064
-1.0,2,7.150229
-2.0,3,7.151809
-4.0,5,7.154115
-2.0,3,7.155702
-2.0,2,7.156814
-3.0,3,7.158308
-2.0,3,7.159879
-7.0,8,7.163308
-1.0,2,7.164504
-2.0,3,7.166053
-2.0,3,7.167627
-1.0,2,7.169944
-1.0,2,7.171131
-2.0,3,7.172719
-3.0,4,7.174649
-3.0,4,7.176632
-3.0,3,7.178126
-2.0,2,7.179301
-2.0,3,7.180905
-5.0,6,7.183657
-2.0,3,7.18522
-3.0,4,7.187149
-1.0,2,7.188347
-1.0,2,7.189506
-1.0,2,7.190665
-1.0,2,7.19186
-1.0,2,7.193018
-1.0,2,7.194177
-2.0,3,7.195754
-5.0,6,7.19844
-1.0,2,7.199642
-1.0,2,7.200811
-1.0,2,7.201977
-1.0,2,7.203144
-2.0,3,7.204717
-1.0,2,7.205872
-1.0,2,7.207022
-1.0,2,7.208217
-3.0,4,7.210124
-1.0,2,7.211276
-1.0,2,7.212468
-3.0,4,7.214387
-1.0,2,7.215569
-1.0,2,7.216752
-1.0,2,7.217907
-2.0,3,7.219441
-1.0,2,7.220626
-4.0,4,7.222488
-1.0,2,7.223679
-1.0,2,7.224838
-1.0,2,7.225993
-2.0,2,7.227092
-3.0,4,7.229043
-1.0,2,7.230207
-1.0,2,7.231361
-1.0,2,7.232543
-4.0,5,7.234852
-1.0,2,7.236053
-2.0,3,7.237597
-1.0,2,7.238751
-4.0,5,7.241081
-1.0,2,7.242251
-1.0,2,7.243408
-2.0,3,7.245016
-1.0,2,7.246174
-2.0,3,7.24775
-1.0,2,7.248912
-1.0,2,7.250072
-2.0,3,7.25164
-2.0,3,7.253194
-2.0,2,7.254297
-5.0,6,7.257006
-1.0,2,7.258171
-1.0,2,7.259328
-1.0,2,7.260528
-1.0,2,7.261684
-2.0,2,7.263425
-1.0,2,7.264657
-1.0,2,7.265831
-1.0,2,7.266995
-2.0,3,7.26858
-4.0,4,7.270456
-1.0,2,7.271661
-2.0,3,7.273211
-4.0,5,7.275501
-3.0,4,7.277457
-1.0,2,7.278615
-1.0,2,7.279806
-1.0,2,7.280971
-1.0,2,7.282131
-1.0,2,7.283288
-1.0,2,7.28448
-2.0,3,7.286015
-5.0,6,7.288714
-1.0,2,7.289883
-1.0,2,7.291043
-1.0,2,7.292241
-2.0,3,7.293772
-1.0,2,7.294917
-1.0,2,7.296105
-2.0,3,7.29765
-1.0,2,7.29881
-1.0,2,7.300024
-1.0,2,7.301181
-1.0,2,7.30234
-2.0,3,7.30391
-1.0,2,7.305066
-2.0,3,7.306595
-2.0,3,7.308241
-1.0,2,7.30941
-2.0,3,7.310953
-2.0,3,7.312536
-4.0,5,7.314826
-1.0,2,7.316024
-1.0,2,7.317182
-2.0,3,7.318718
-1.0,2,7.319904
-3.0,4,7.321819
-1.0,2,7.322972
-1.0,2,7.324156
-1.0,2,7.325305
-2.0,3,7.326853
-1.0,2,7.328044
-1.0,2,7.329204
-1.0,2,7.330359
-3.0,4,7.332319
-6.0,7,7.335371
-2.0,3,7.336968
-1.0,2,7.338135
-1.0,2,7.339304
-6.0,7,7.342382
-2.0,3,7.343984
-2.0,3,7.345531
-2.0,3,7.347073
-2.0,3,7.348664
-1.0,2,7.349825
-3.0,4,7.351772
-1.0,2,7.352932
-2.0,3,7.354473
-4.0,4,7.356374
-1.0,2,7.357537
-1.0,2,7.358687
-5.0,6,7.361399
-1.0,2,7.362568
-1.0,2,7.363769
-4.0,5,7.36608
-1.0,2,7.367263
-1.0,2,7.368463
-1.0,2,7.369625
-3.0,4,7.371572
-4.0,5,7.373893
-1.0,2,7.375059
-3.0,4,7.377084
-3.0,4,7.379017
-2.0,3,7.380601
-1.0,2,7.381764
-3.0,4,7.383719
-3.0,4,7.385653
-1.0,2,7.386824
-1.0,2,7.388017
-1.0,2,7.389177
-5.0,6,7.391891
-2.0,3,7.394678
-3.0,4,7.396681
-1.0,2,7.397856
-2.0,3,7.399402
-1.0,2,7.400602
-4.0,5,7.402896
-3.0,4,7.404864
-2.0,3,7.406408
-1.0,2,7.407592
-2.0,3,7.409139
-2.0,3,7.41068
-3.0,4,7.412663
-1.0,2,7.413829
-4.0,5,7.416175
-1.0,2,7.417348
-2.0,3,7.418894
-2.0,3,7.420506
-3.0,4,7.422437
-4.0,5,7.424775
-3.0,4,7.426707
-2.0,3,7.428305
-1.0,2,7.429466
-1.0,2,7.430621
-1.0,2,7.431822
-3.0,4,7.433745
-4.0,5,7.436073
-1.0,2,7.437232
-1.0,2,7.438398
-1.0,2,7.439584
-2.0,3,7.441129
-2.0,3,7.44267
-1.0,2,7.443858
-1.0,2,7.445008
-1.0,2,7.446157
-2.0,3,7.447728
-3.0,4,7.449658
-5.0,6,7.452361
-2.0,3,7.454017
-1.0,2,7.45522
-1.0,2,7.456438
-1.0,2,7.457618
-1.0,2,7.458786
-2.0,3,7.460387
-1.0,2,7.46155
-2.0,3,7.463094
-2.0,3,7.464681
-3.0,4,7.466628
-2.0,3,7.468229
-2.0,3,7.469787
-1.0,2,7.470961
-2.0,3,7.47255
-1.0,2,7.473711
-1.0,2,7.47488
-1.0,2,7.476079
-1.0,2,7.477247
-4.0,5,7.479575
-3.0,4,7.481532
-2.0,3,7.483086
-1.0,2,7.484288
-1.0,2,7.485455
-2.0,3,7.487005
-1.0,2,7.489027
-1.0,2,7.490222
-1.0,2,7.491392
-2.0,3,7.492988
-1.0,2,7.494159
-2.0,3,7.495741
-2.0,3,7.497304
-1.0,2,7.498471
-1.0,2,7.499647
-1.0,2,7.500806
-2.0,3,7.502346
-2.0,3,7.50393
-1.0,2,7.505101
-1.0,2,7.506261
-1.0,2,7.50742
-3.0,3,7.508931
-2.0,2,7.510034
-1.0,2,7.511185
-1.0,2,7.512376
-1.0,2,7.513529
-2.0,3,7.515069
-4.0,5,7.517417
-2.0,3,7.519154
-1.0,2,7.520359
-1.0,2,7.521518
-3.0,4,7.52346
-2.0,3,7.525048
-2.0,3,7.526603
-2.0,3,7.528216
-1.0,2,7.529375
-1.0,2,7.530524
-2.0,3,7.532115
-3.0,4,7.534042
-1.0,2,7.535208
-1.0,2,7.53641
-1.0,2,7.537578
-3.0,4,7.539493
-2.0,3,7.541107
-2.0,3,7.542661
-1.0,2,7.543864
-4.0,5,7.546178
-2.0,3,7.547753
-1.0,2,7.548918
-1.0,2,7.550082
-4.0,5,7.552442
-1.0,2,7.553614
-1.0,2,7.554782
-2.0,3,7.556356
-1.0,2,7.557513
-3.0,4,7.559445
-1.0,2,7.560647
-1.0,2,7.561807
-4.0,4,7.563709
-3.0,4,7.565634
-1.0,2,7.566791
-3.0,4,7.568752
-2.0,3,7.570301
-1.0,2,7.571457
-3.0,4,7.573421
-1.0,2,7.57458
-3.0,4,7.57654
-1.0,2,7.577711
-5.0,5,7.579988
-1.0,2,7.581146
-1.0,2,7.582303
-5.0,6,7.58506
-4.0,5,7.587376
-3.0,4,7.589341
-4.0,5,7.591684
-2.0,3,7.593234
-1.0,2,7.594398
-1.0,2,7.59559
-1.0,2,7.596759
-1.0,2,7.597914
-2.0,2,7.599013
-1.0,2,7.600207
-3.0,4,7.602122
-2.0,3,7.60372
-2.0,3,7.605257
-2.0,3,7.607547
-1.0,2,7.608732
-3.0,4,7.61067
-2.0,3,7.612257
-2.0,3,7.613805
-4.0,5,7.61614
-2.0,3,7.617688
-2.0,2,7.618794
-2.0,3,7.620372
-2.0,2,7.621571
-4.0,5,7.623906
-1.0,2,7.62508
-2.0,3,7.62662
-1.0,2,7.627817
-3.0,3,7.629302
-1.0,2,7.630451
-1.0,2,7.631625
-2.0,3,7.633161
-2.0,2,7.634259
-2.0,3,7.635834
-1.0,2,7.636992
-2.0,3,7.638533
-1.0,2,7.63972
-4.0,5,7.642009
-1.0,2,7.643174
-1.0,2,7.644369
-1.0,2,7.645528
-1.0,2,7.646681
-3.0,4,7.648644
-6.0,7,7.651726
-1.0,2,7.652905
-1.0,2,7.65407
-1.0,2,7.655237
-1.0,2,7.656435
-1.0,2,7.657602
-2.0,3,7.659148
-2.0,2,7.660284
-5.0,6,7.662977
-1.0,2,7.664186
-2.0,3,7.665733
-3.0,4,7.66768
-1.0,2,7.668856
-1.0,2,7.670019
-3.0,4,7.671989
-1.0,2,7.673156
-1.0,2,7.674325
-6.0,7,7.677423
-1.0,2,7.678606
-2.0,3,7.680208
-3.0,4,7.682145
-2.0,3,7.683733
-1.0,2,7.684902
-1.0,2,7.68607
-3.0,3,7.687573
-1.0,2,7.688747
-2.0,2,7.689854
-1.0,2,7.691005
-1.0,2,7.69219
-4.0,5,7.694499
-1.0,2,7.69569
-1.0,2,7.696846
-3.0,3,7.698325
-1.0,2,7.699478
-1.0,2,7.700664
-1.0,2,7.701809
-1.0,2,7.703643
-1.0,2,7.704812
-1.0,2,7.705976
-1.0,2,7.707136
-2.0,3,7.708711
-1.0,2,7.709874
-2.0,3,7.711417
-3.0,4,7.713366
-4.0,5,7.7157
-3.0,4,7.717618
-1.0,2,7.718775
-1.0,2,7.719956
-2.0,3,7.721484
-1.0,2,7.72264
-1.0,2,7.723821
-4.0,5,7.726111
-1.0,2,7.727264
-2.0,3,7.728833
-2.0,3,7.730366
-3.0,4,7.732325
-1.0,2,7.733489
-1.0,2,7.734664
-1.0,2,7.735852
-2.0,3,7.7374
-3.0,4,7.739317
-4.0,5,7.741643
-2.0,3,7.743189
-5.0,5,7.745454
-1.0,2,7.746624
-1.0,2,7.747818
-6.0,7,7.750868
-1.0,2,7.752068
-1.0,2,7.753223
-6.0,6,7.755867
-1.0,2,7.757038
-1.0,2,7.758199
-1.0,2,7.759352
-1.0,2,7.760535
-1.0,2,7.761689
-1.0,2,7.762845
-1.0,2,7.764037
-1.0,2,7.765192
-1.0,2,7.76634
-3.0,3,7.767868
-2.0,2,7.768978
-2.0,3,7.770522
-1.0,2,7.771709
-1.0,2,7.772866
-1.0,2,7.774023
-2.0,3,7.775594
-2.0,3,7.777144
-2.0,3,7.778686
-2.0,2,7.779832
-2.0,3,7.781374
-2.0,3,7.78291
-1.0,2,7.784117
-2.0,3,7.785661
-1.0,2,7.786813
-1.0,2,7.788012
-1.0,2,7.789168
-3.0,4,7.79108
-2.0,3,7.792696
-1.0,2,7.793857
-3.0,4,7.795816
-1.0,2,7.796971
-3.0,3,7.798452
-3.0,4,7.800415
-3.0,3,7.80191
-1.0,2,7.803068
-2.0,3,7.804652
-2.0,3,7.806189
-2.0,3,7.807772
-2.0,3,7.80932
-2.0,3,7.810854
-1.0,2,7.812053
-2.0,2,7.813158
-2.0,3,7.814695
-3.0,4,7.817711
-2.0,3,7.819274
-4.0,5,7.821623
-1.0,2,7.822793
-5.0,6,7.825495
-1.0,2,7.82666
-2.0,3,7.82823
-2.0,3,7.829775
-1.0,2,7.830935
-1.0,2,7.832125
-3.0,4,7.834038
-2.0,2,7.835143
-3.0,4,7.837099
-1.0,2,7.838269
-2.0,3,7.839844
-1.0,2,7.841004
-3.0,4,7.842934
-1.0,2,7.844125
-1.0,2,7.845999
-1.0,2,7.846923
-1.0,2,7.847856
-1.0,2,7.848749
-2.0,2,7.849598
-3.0,4,7.852587
-1.0,2,7.853785
-1.0,2,7.854952
-3.0,4,7.856913
-2.0,2,7.858029
-4.0,5,7.860358
-1.0,2,7.861524
-1.0,2,7.862681
-3.0,4,7.864638
-1.0,2,7.865795
-2.0,3,7.867331
-2.0,2,7.868465
-1.0,2,7.869623
-2.0,3,7.871164
-1.0,2,7.872351
-1.0,2,7.873509
-2.0,2,7.874614
-2.0,2,7.875746
-1.0,2,7.876904
-1.0,2,7.878061
-1.0,2,7.879218
-5.0,6,7.881938
-2.0,3,7.88348
-2.0,3,7.885049
-4.0,5,7.887346
-2.0,3,7.888924
-1.0,2,7.890082
-1.0,2,7.891229
-3.0,4,7.89322
-4.0,5,7.895544
-1.0,2,7.896736
-2.0,3,7.898284
-4.0,5,7.900629
-1.0,2,7.90179
-2.0,3,7.903724
-1.0,2,7.9049
-3.0,4,7.906824
-5.0,6,7.909531
-1.0,2,7.910687
-1.0,2,7.911869
-1.0,2,7.913022
-1.0,2,7.914179
-1.0,2,7.915394
-4.0,4,7.917315
-1.0,2,7.918486
-2.0,3,7.920064
-2.0,3,7.921612
-1.0,2,7.922765
-3.0,4,7.924713
-1.0,2,7.925873
-2.0,2,7.926973
-1.0,2,7.928154
-1.0,2,7.929309
-2.0,3,7.930849
-1.0,2,7.932046
-3.0,4,7.933966
-1.0,2,7.93512
-1.0,2,7.936307
-1.0,2,7.937457
-1.0,2,7.938601
-2.0,3,7.940152
-1.0,2,7.941308
-5.0,6,7.94401
-2.0,3,7.94555
-1.0,2,7.946696
-2.0,2,7.947813
-1.0,2,7.94896
-3.0,4,7.95086
-2.0,3,7.952434
-2.0,3,7.953965
-2.0,3,7.955498
-1.0,2,7.956685
-1.0,2,7.957838
-2.0,3,7.959377
-3.0,4,7.961334
-1.0,2,7.962496
-2.0,3,7.964076
-1.0,2,7.965223
-2.0,3,7.966758
-1.0,2,7.967942
-2.0,3,7.969478
-1.0,2,7.970639
-1.0,2,7.971836
-3.0,4,7.973756
-2.0,3,7.975306
-1.0,2,7.9765
