#{"t_start": 1717480132.1511545, "env_id": "None"}
r,l,t
20.0,2,0.063251
20.0,2,0.124281
20.0,2,0.176443
20.0,2,0.23987
20.0,2,0.291441
-1.0,2,0.346109
-1.0,2,0.401173
20.0,2,0.462639
-1.0,2,0.521688
20.0,2,0.573382
20.0,2,0.624822
-1.0,2,0.682801
20.0,2,0.745337
20.0,2,0.807571
20.0,2,0.869671
20.0,2,0.922357
-1.0,2,0.980821
20.0,2,1.04384
20.0,2,1.096455
-1.0,2,1.155029
-1.0,2,1.215031
-1.0,2,1.271193
-1.0,2,1.327599
-1.0,2,1.383796
20.0,2,1.445645
20.0,2,1.497444
20.0,2,1.549402
-1.0,2,1.604787
-1.0,2,1.660298
20.0,2,1.712232
-1.0,2,1.77109
20.0,2,1.823293
20.0,2,1.87495
-1.0,2,1.929755
-1.0,2,1.984835
20.0,2,2.036871
-1.0,2,2.09156
-1.0,2,2.146469
20.0,2,2.198442
-1.0,2,2.25321
20.0,2,2.314894
20.0,2,2.376269
20.0,2,2.438541
-1.0,2,2.49352
-1.0,2,2.550013
20.0,2,2.603032
20.0,2,2.664886
-1.0,2,2.724243
-1.0,2,2.783422
-1.0,2,2.839151
-1.0,2,2.897797
-1.0,2,2.953229
20.0,2,3.005186
-1.0,2,3.062902
-1.0,2,3.121234
-1.0,2,3.179378
-1.0,2,3.234558
20.0,2,3.286323
20.0,2,3.347188
-1.0,2,3.404821
-1.0,2,3.463114
20.0,2,3.515682
-1.0,2,3.574009
20.0,2,3.635783
-1.0,2,3.690947
-1.0,2,3.747096
20.0,2,3.801193
-1.0,2,3.85728
-1.0,2,3.913888
20.0,2,3.967005
-1.0,2,4.023337
20.0,2,4.086008
20.0,2,4.147981
20.0,2,4.201185
-1.0,2,4.25676
-1.0,2,4.315354
-1.0,2,4.37356
-1.0,2,4.429188
-1.0,2,4.487755
-1.0,2,4.542853
-1.0,2,4.600931
20.0,2,4.662156
-1.0,2,4.716729
-1.0,2,4.773081
20.0,2,4.834697
-1.0,2,4.892447
-1.0,2,4.950747
-1.0,2,5.009211
20.0,2,5.062183
-1.0,2,5.117771
-1.0,2,5.176835
-1.0,2,5.235151
20.0,2,5.296771
20.0,2,5.348434
-1.0,2,5.403191
-1.0,2,5.461519
20.0,2,5.514843
-1.0,2,5.569793
-1.0,2,5.62494
-1.0,2,5.68329
-1.0,2,5.738503
20.0,2,5.790435
-1.0,2,5.848109
-1.0,2,5.90612
-1.0,2,5.961183
20.0,2,6.013106
20.0,2,6.06455
-1.0,2,6.122157
-1.0,2,6.180316
-1.0,2,6.23922
-1.0,2,6.294811
20.0,2,6.356277
20.0,2,6.408295
20.0,2,6.469554
-1.0,2,6.524574
-1.0,2,6.583913
20.0,2,6.647177
-1.0,2,6.705917
-1.0,2,6.763259
-1.0,2,6.820229
20.0,2,6.882141
20.0,2,6.934105
20.0,2,6.986253
20.0,2,7.038293
-1.0,2,7.093345
20.0,2,7.15565
20.0,2,7.216985
-1.0,2,7.274832
-1.0,2,7.333127
20.0,2,7.385026
20.0,2,7.446112
20.0,2,7.497565
20.0,2,7.558515
-1.0,2,7.616404
20.0,2,7.678138
-1.0,2,7.733055
20.0,2,7.787684
20.0,2,7.850451
20.0,2,7.90317
20.0,2,7.964604
20.0,2,8.026914
20.0,2,8.078851
-1.0,2,8.134483
20.0,2,8.187344
20.0,2,8.239419
20.0,2,8.300601
-1.0,2,8.358234
-1.0,2,8.416676
-1.0,2,8.47175
20.0,2,8.533075
20.0,2,8.584483
-1.0,2,8.64215
-1.0,2,8.700333
20.0,2,8.752337
-1.0,2,8.807088
-1.0,2,8.862134
-1.0,2,8.920161
-1.0,2,8.978914
20.0,2,9.040783
20.0,2,9.093401
-1.0,2,9.152007
20.0,2,9.204504
20.0,2,9.267279
20.0,2,9.329279
20.0,2,9.381417
20.0,2,9.433388
20.0,2,9.49666
20.0,2,9.549432
-1.0,2,9.608585
20.0,2,9.670457
20.0,2,9.72269
20.0,2,9.776459
-1.0,2,9.834994
-1.0,2,9.890965
20.0,2,9.942895
20.0,2,10.003906
20.0,2,10.05534
20.0,2,10.116207
20.0,2,10.167701
20.0,2,10.228647
-1.0,2,10.286274
20.0,2,10.337984
20.0,2,10.389472
-1.0,2,10.44431
-1.0,2,10.502588
20.0,2,10.554301
20.0,2,10.606812
20.0,2,10.658489
-1.0,2,10.716836
-1.0,2,10.77649
20.0,2,10.829379
20.0,2,10.881636
-1.0,2,10.93973
-1.0,2,10.99504
-1.0,2,11.053112
20.0,2,11.114515
-1.0,2,11.169473
20.0,2,11.231042
-1.0,2,11.288601
-1.0,2,11.346475
-1.0,2,11.404535
-1.0,2,11.463095
-1.0,2,11.518508
-1.0,2,11.574481
-1.0,2,11.632485
20.0,2,11.684339
-1.0,2,11.742788
20.0,2,11.804525
-1.0,2,11.860232
-1.0,2,11.919055
-1.0,2,11.976228
-1.0,2,12.032859
-1.0,2,12.091664
20.0,2,12.155028
20.0,2,12.217826
-1.0,2,12.273412
20.0,2,12.335392
20.0,2,12.387707
20.0,2,12.449636
20.0,2,12.512174
-1.0,2,12.570608
20.0,2,12.622742
-1.0,2,12.680653
-1.0,2,12.736007
-1.0,2,12.79496
20.0,2,12.847026
20.0,2,12.898409
20.0,2,12.949769
-1.0,2,13.007554
20.0,2,13.069126
-1.0,2,13.126933
20.0,2,13.188796
-1.0,2,13.246423
20.0,2,13.298283
-1.0,2,13.352873
20.0,2,13.415558
-1.0,2,13.471334
-1.0,2,13.53037
20.0,2,13.592869
-1.0,2,13.647712
20.0,2,13.699604
-1.0,2,13.757936
20.0,2,13.810246
-1.0,2,13.867919
20.0,2,13.919869
20.0,2,13.97156
-1.0,2,14.02613
-1.0,2,14.084253
-1.0,2,14.142363
20.0,2,14.194252
-1.0,2,14.252122
20.0,2,14.304115
20.0,2,14.365399
-1.0,2,14.420072
20.0,2,14.471872
-1.0,2,14.526505
-1.0,2,14.584478
20.0,2,14.646436
20.0,2,14.698466
20.0,2,14.760431
20.0,2,14.812532
20.0,2,14.865081
20.0,2,14.917002
-1.0,2,14.974845
20.0,2,15.027825
-1.0,2,15.08626
-1.0,2,15.141703
-1.0,2,15.197433
20.0,2,15.2497
-1.0,2,15.307652
20.0,2,15.368992
-1.0,2,15.423597
-1.0,2,15.481687
20.0,2,15.543665
-1.0,2,15.601396
-1.0,2,15.65986
20.0,2,15.721488
-1.0,2,15.777782
-1.0,2,15.833217
-1.0,2,15.891417
-1.0,2,15.946752
-1.0,2,16.004831
20.0,2,16.066052
-1.0,2,16.124052
-1.0,2,16.179374
20.0,2,16.241436
20.0,2,16.293885
20.0,2,16.345886
20.0,2,16.397686
-1.0,2,16.45566
-1.0,2,16.514638
-1.0,2,16.569813
-1.0,2,16.624715
20.0,2,16.676471
-1.0,2,16.731397
-1.0,2,16.791189
20.0,2,16.852974
20.0,2,16.904351
20.0,2,16.955845
20.0,2,17.007256
-1.0,2,17.061898
20.0,2,17.113786
-1.0,2,17.172338
-1.0,2,17.227608
-1.0,2,17.285585
20.0,2,17.337979
-1.0,2,17.395937
20.0,2,17.457258
20.0,2,17.508845
-1.0,2,17.565058
20.0,2,17.617513
-1.0,2,17.675787
-1.0,2,17.731562
20.0,2,17.785089
-1.0,2,17.843422
20.0,2,17.896121
-1.0,2,17.954104
20.0,2,18.006513
20.0,2,18.067901
-1.0,2,18.126894
-1.0,2,18.182339
-1.0,2,18.240529
-1.0,2,18.295696
-1.0,2,18.350788
20.0,2,18.411925
-1.0,2,18.466806
20.0,2,18.528246
-1.0,2,18.586316
-1.0,2,18.644839
-1.0,2,18.704646
20.0,2,18.757796
20.0,2,18.819393
20.0,2,18.871293
20.0,2,18.932477
-1.0,2,18.987616
20.0,2,19.049565
-1.0,2,19.104705
20.0,2,19.166388
20.0,2,19.22861
20.0,2,19.290076
20.0,2,19.351068
20.0,2,19.402756
20.0,2,19.454776
20.0,2,19.506715
-1.0,2,19.564681
-1.0,2,19.622794
-1.0,2,19.677964
-1.0,2,19.733172
20.0,2,19.786756
20.0,2,19.838541
-1.0,2,19.893288
-1.0,2,19.948394
-1.0,2,20.003392
20.0,2,20.064658
20.0,2,20.125577
-1.0,2,20.180297
-1.0,2,20.235159
-1.0,2,20.290149
20.0,2,20.351307
20.0,2,20.412113
-1.0,2,20.466855
-1.0,2,20.522613
20.0,2,20.583936
-1.0,2,20.641874
20.0,2,20.703359
20.0,2,20.764389
-1.0,2,20.819531
-1.0,2,20.874939
-1.0,2,20.934687
-1.0,2,20.993598
20.0,2,21.055869
-1.0,2,21.114758
-1.0,2,21.170287
-1.0,2,21.228646
-1.0,2,21.284196
20.0,2,21.345774
20.0,2,21.407032
20.0,2,21.46808
20.0,2,21.519921
-1.0,2,21.577873
20.0,2,21.629768
20.0,2,21.681603
20.0,2,21.733473
20.0,2,21.795785
20.0,2,21.847659
20.0,2,21.899411
-1.0,2,21.954576
-1.0,2,22.010415
20.0,2,22.062441
20.0,2,22.124299
-1.0,2,22.179187
-1.0,2,22.237977
-1.0,2,22.294206
20.0,2,22.347279
20.0,2,22.408571
-1.0,2,22.466758
-1.0,2,22.525262
-1.0,2,22.580247
20.0,2,22.641495
-1.0,2,22.699312
-1.0,2,22.754237
-1.0,2,22.809289
20.0,2,22.870497
20.0,2,22.931419
-1.0,2,22.986059
-1.0,2,23.040977
20.0,2,23.102294
20.0,2,23.154356
-1.0,2,23.21264
-1.0,2,23.267926
20.0,2,23.319836
-1.0,2,23.374901
-1.0,2,23.430449
20.0,2,23.482406
-1.0,2,23.540855
-1.0,2,23.599921
20.0,2,23.652407
-1.0,2,23.710414
20.0,2,23.773132
-1.0,2,23.828227
-1.0,2,23.88683
20.0,2,23.948275
-1.0,2,24.008666
20.0,2,24.061912
-1.0,2,24.119929
-1.0,2,24.178222
-1.0,2,24.236496
-1.0,2,24.294918
-1.0,2,24.35014
-1.0,2,24.405244
20.0,2,24.466879
-1.0,2,24.525048
20.0,2,24.577103
-1.0,2,24.632239
20.0,2,24.68437
-1.0,2,24.739805
20.0,2,24.802431
-1.0,2,24.857443
20.0,2,24.918919
-1.0,2,24.977983
-1.0,2,25.036613
20.0,2,25.091163
20.0,2,25.144153
-1.0,2,25.202793
20.0,2,25.254833
20.0,2,25.306457
-1.0,2,25.361081
20.0,2,25.412853
20.0,2,25.47381
20.0,2,25.525188
-1.0,2,25.58282
20.0,2,25.635102
20.0,2,25.686567
-1.0,2,25.742533
-1.0,2,25.798355
-1.0,2,25.853549
20.0,2,25.905406
-1.0,2,25.960129
-1.0,2,26.015208
-1.0,2,26.073332
20.0,2,26.136234
-1.0,2,26.193909
20.0,2,26.247278
-1.0,2,26.302727
-1.0,2,26.358211
20.0,2,26.419834
20.0,2,26.472034
20.0,2,26.533237
20.0,2,26.584954
-1.0,2,26.640066
-1.0,2,26.695666
20.0,2,26.748214
20.0,2,26.800268
20.0,2,26.852159
20.0,2,26.903653
20.0,2,26.964536
20.0,2,27.016091
20.0,2,27.067511
20.0,2,27.118885
20.0,2,27.170135
20.0,2,27.231122
20.0,2,27.283771
-1.0,2,27.339432
20.0,2,27.401327
20.0,2,27.462991
20.0,2,27.515072
-1.0,2,27.573063
20.0,2,27.634577
-1.0,2,27.692397
-1.0,2,27.748631
-1.0,2,27.805042
-1.0,2,27.863896
-1.0,2,27.919839
-1.0,2,27.975271
20.0,2,28.027034
20.0,2,28.08786
-1.0,2,28.145623
20.0,2,28.207118
20.0,2,28.258988
-1.0,2,28.317482
20.0,2,28.36929
-1.0,2,28.423968
-1.0,2,28.479164
-1.0,2,28.53396
20.0,2,28.595302
-1.0,2,28.652791
-1.0,2,28.707886
20.0,2,28.759748
20.0,2,28.821159
-1.0,2,28.876103
-1.0,2,28.935225
-1.0,2,28.994121
-1.0,2,29.05286
-1.0,2,29.11126
-1.0,2,29.170757
20.0,2,29.234557
-1.0,2,29.289325
20.0,2,29.340698
-1.0,2,29.394656
20.0,2,29.445986
20.0,2,29.506206
-1.0,2,29.564788
20.0,2,29.617667
20.0,2,29.668709
-1.0,2,29.722771
20.0,2,29.784315
20.0,2,29.844856
-1.0,2,29.902057
-1.0,2,29.959805
-1.0,2,30.017394
20.0,2,30.069122
-1.0,2,30.123829
20.0,2,30.185085
-1.0,2,30.241243
-1.0,2,30.299282
-1.0,2,30.354102
-1.0,2,30.409119
20.0,2,30.471144
-1.0,2,30.526236
20.0,2,30.588286
-1.0,2,30.642671
20.0,2,30.703476
-1.0,2,30.761963
20.0,2,30.823217
20.0,2,30.883636
20.0,2,30.944293
-1.0,2,31.001555
20.0,2,31.052899
-1.0,2,31.107082
20.0,2,31.158292
-1.0,2,31.215516
20.0,2,31.268171
-1.0,2,31.323281
-1.0,2,31.381073
20.0,2,31.432446
-1.0,2,31.486504
20.0,2,31.547386
20.0,2,31.608246
20.0,2,31.669338
20.0,2,31.73052
20.0,2,31.783803
-1.0,2,31.843122
-1.0,2,31.901605
20.0,2,31.953849
-1.0,2,32.011122
-1.0,2,32.066229
-1.0,2,32.120909
-1.0,2,32.175813
-1.0,2,32.230679
20.0,2,32.291512
20.0,2,32.342547
-1.0,2,32.39671
20.0,2,32.448235
20.0,2,32.499224
20.0,2,32.550465
20.0,2,32.610653
-1.0,2,32.664804
-1.0,2,32.722462
-1.0,2,32.780219
-1.0,2,32.837801
20.0,2,32.899083
-1.0,2,32.954279
20.0,2,33.015306
20.0,2,33.067011
-1.0,2,33.125013
-1.0,2,33.179945
20.0,2,33.2424
20.0,2,33.294272
20.0,2,33.355164
20.0,2,33.416051
20.0,2,33.476526
-1.0,2,33.532029
-1.0,2,33.58697
20.0,2,33.647685
20.0,2,33.708009
-1.0,2,33.763086
20.0,2,33.824022
-1.0,2,33.878186
-1.0,2,33.93594
-1.0,2,33.990481
20.0,2,34.041814
20.0,2,34.102184
-1.0,2,34.156367
20.0,2,34.217102
-1.0,2,34.272336
20.0,2,34.324775
20.0,2,34.376899
20.0,2,34.428369
-1.0,2,34.486318
20.0,2,34.539713
-1.0,2,34.597769
20.0,2,34.649583
-1.0,2,34.70699
-1.0,2,34.762752
20.0,2,34.814523
-1.0,2,34.872697
-1.0,2,34.927678
-1.0,2,34.985843
-1.0,2,35.043417
20.0,2,35.104644
-1.0,2,35.161858
-1.0,2,35.219362
20.0,2,35.272095
-1.0,2,35.326946
20.0,2,35.391422
20.0,2,35.452354
20.0,2,35.513936
20.0,2,35.565688
20.0,2,35.617249
20.0,2,35.669141
-1.0,2,35.728591
20.0,2,35.7907
20.0,2,35.843793
20.0,2,35.896237
20.0,2,35.949474
20.0,2,36.001252
20.0,2,36.064117
-1.0,2,36.119149
20.0,2,36.171255
-1.0,2,36.227739
20.0,2,36.282392
-1.0,2,36.337276
-1.0,2,36.395717
-1.0,2,36.454213
-1.0,2,36.515027
-1.0,2,36.571577
-1.0,2,36.630218
20.0,2,36.690969
20.0,2,36.75263
20.0,2,36.804219
20.0,2,36.855203
20.0,2,36.91666
-1.0,2,36.971785
-1.0,2,37.029995
-1.0,2,37.085045
-1.0,2,37.140824
20.0,2,37.192855
-1.0,2,37.251138
-1.0,2,37.309427
-1.0,2,37.367798
-1.0,2,37.423085
20.0,2,37.484519
20.0,2,37.536594
20.0,2,37.598759
20.0,2,37.650235
-1.0,2,37.707697
20.0,2,37.759552
20.0,2,37.810598
-1.0,2,37.864702
-1.0,2,37.922185
-1.0,2,37.976917
-1.0,2,38.034559
-1.0,2,38.089203
20.0,2,38.140746
20.0,2,38.201178
20.0,2,38.261537
-1.0,2,38.318621
20.0,2,38.379447
20.0,2,38.430996
20.0,2,38.491442
-1.0,2,38.545767
-1.0,2,38.603622
20.0,2,38.655934
20.0,2,38.707867
-1.0,2,38.764262
-1.0,2,38.820028
20.0,2,38.871905
20.0,2,38.922871
-1.0,2,38.980438
20.0,2,39.032045
-1.0,2,39.086316
-1.0,2,39.144073
-1.0,2,39.201764
20.0,2,39.254117
20.0,2,39.305295
-1.0,2,39.359499
20.0,2,39.420295
20.0,2,39.480596
20.0,2,39.531574
-1.0,2,39.585594
20.0,2,39.646563
-1.0,2,39.700652
20.0,2,39.752797
20.0,2,39.814101
20.0,2,39.875669
-1.0,2,39.930472
20.0,2,39.982868
20.0,2,40.043938
-1.0,2,40.098522
-1.0,2,40.157081
20.0,2,40.218447
20.0,2,40.270272
20.0,2,40.330943
20.0,2,40.383242
20.0,2,40.435239
-1.0,2,40.492987
20.0,2,40.547244
20.0,2,40.599468
20.0,2,40.651135
-1.0,2,40.706399
20.0,2,40.759151
20.0,2,40.820717
-1.0,2,40.878768
20.0,2,40.930834
20.0,2,40.982694
20.0,2,41.043831
20.0,2,41.104977
20.0,2,41.166075
-1.0,2,41.224297
20.0,2,41.277054
-1.0,2,41.335566
-1.0,2,41.394111
20.0,2,41.456705
20.0,2,41.518759
20.0,2,41.580294
20.0,2,41.632285
-1.0,2,41.686492
20.0,2,41.748041
20.0,2,41.799658
20.0,2,41.860131
20.0,2,41.911292
-1.0,2,41.968933
-1.0,2,42.027025
-1.0,2,42.082377
20.0,2,42.143058
20.0,2,42.193936
-1.0,2,42.248195
-1.0,2,42.305591
-1.0,2,42.363144
20.0,2,42.414618
-1.0,2,42.469171
-1.0,2,42.523835
20.0,2,42.576046
-1.0,2,42.630683
20.0,2,42.682216
20.0,2,42.733338
-1.0,2,42.79074
20.0,2,42.852459
-1.0,2,42.907522
-1.0,2,42.962667
20.0,2,43.014384
-1.0,2,43.068463
20.0,2,43.120246
20.0,2,43.171835
20.0,2,43.232887
-1.0,2,43.290205
20.0,2,43.350886
-1.0,2,43.408097
-1.0,2,43.462707
20.0,2,43.523465
20.0,2,43.583798
-1.0,2,43.637935
20.0,2,43.689166
20.0,2,43.749381
20.0,2,43.810007
-1.0,2,43.864215
20.0,2,43.915554
20.0,2,43.966966
20.0,2,44.018005
20.0,2,44.078369
-1.0,2,44.135816
20.0,2,44.196489
20.0,2,44.248084
-1.0,2,44.302514
20.0,2,44.354056
-1.0,2,44.411411
-1.0,2,44.469082
-1.0,2,44.528772
20.0,2,44.582194
20.0,2,44.642946
20.0,2,44.694017
-1.0,2,44.751804
20.0,2,44.804326
20.0,2,44.855717
20.0,2,44.916798
-1.0,2,44.974346
20.0,2,45.025577
-1.0,2,45.083384
-1.0,2,45.141993
20.0,2,45.202688
20.0,2,45.264079
-1.0,2,45.321449
-1.0,2,45.375865
-1.0,2,45.433604
20.0,2,45.485092
-1.0,2,45.53966
-1.0,2,45.597705
-1.0,2,45.652542
-1.0,2,45.71025
-1.0,2,45.766145
20.0,2,45.818245
20.0,2,45.879001
20.0,2,45.939969
20.0,2,45.991321
-1.0,2,46.045524
-1.0,2,46.099991
-1.0,2,46.154482
20.0,2,46.215011
-1.0,2,46.272173
20.0,2,46.323686
-1.0,2,46.380749
20.0,2,46.432062
20.0,2,46.485121
20.0,2,46.53902
-1.0,2,46.593273
20.0,2,46.644763
-1.0,2,46.701949
-1.0,2,46.757
-1.0,2,46.814764
-1.0,2,46.869477
20.0,2,46.930298
20.0,2,46.981697
-1.0,2,47.038846
20.0,2,47.100045
-1.0,2,47.158468
-1.0,2,47.216799
20.0,2,47.278029
20.0,2,47.338275
20.0,2,47.398685
20.0,2,47.459552
-1.0,2,47.517201
20.0,2,47.578371
20.0,2,47.629458
-1.0,2,47.686865
-1.0,2,47.742928
-1.0,2,47.798169
20.0,2,47.8496
20.0,2,47.910745
20.0,2,47.962299
-1.0,2,48.019482
20.0,2,48.071266
-1.0,2,48.129024
-1.0,2,48.186987
20.0,2,48.248775
20.0,2,48.300155
20.0,2,48.351958
-1.0,2,48.409755
20.0,2,48.461745
20.0,2,48.512716
20.0,2,48.573678
-1.0,2,48.631217
-1.0,2,48.686366
-1.0,2,48.741249
-1.0,2,48.800118
20.0,2,48.851981
-1.0,2,48.906245
20.0,2,48.967114
-1.0,2,49.021224
20.0,2,49.082016
-1.0,2,49.136054
20.0,2,49.196695
20.0,2,49.257772
20.0,2,49.308957
-1.0,2,49.366035
20.0,2,49.41767
-1.0,2,49.471931
-1.0,2,49.529568
20.0,2,49.580844
20.0,2,49.631778
-1.0,2,49.688885
20.0,2,49.74967
-1.0,2,49.804128
20.0,2,49.856051
20.0,2,49.907449
20.0,2,49.968381
-1.0,2,50.02563
20.0,2,50.077391
-1.0,2,50.134941
20.0,2,50.186308
-1.0,2,50.241566
20.0,2,50.29337
-1.0,2,50.350788
20.0,2,50.402194
-1.0,2,50.459478
20.0,2,50.52061
20.0,2,50.57163
20.0,2,50.632172
-1.0,2,50.689196
-1.0,2,50.74683
-1.0,2,50.801932
-1.0,2,50.856791
-1.0,2,50.914577
-1.0,2,50.969368
-1.0,2,51.024653
-1.0,2,51.079467
-1.0,2,51.137177
20.0,2,51.188713
20.0,2,51.249223
20.0,2,51.310203
20.0,2,51.36169
-1.0,2,51.416287
-1.0,2,51.470982
-1.0,2,51.528564
-1.0,2,51.586136
20.0,2,51.64737
20.0,2,51.707658
-1.0,2,51.762269
-1.0,2,51.820058
20.0,2,51.871477
-1.0,2,51.928695
20.0,2,51.989656
-1.0,2,52.043905
20.0,2,52.095167
20.0,2,52.155423
-1.0,2,52.212644
-1.0,2,52.270065
20.0,2,52.33072
-1.0,2,52.387821
20.0,2,52.439144
-1.0,2,52.493374
20.0,2,52.544674
-1.0,2,52.60189
20.0,2,52.654011
-1.0,2,52.708314
20.0,2,52.770734
20.0,2,52.822515
-1.0,2,52.877053
20.0,2,52.938333
20.0,2,52.999323
20.0,2,53.050457
20.0,2,53.101529
20.0,2,53.162312
20.0,2,53.222867
-1.0,2,53.277498
-1.0,2,53.332225
-1.0,2,53.386756
20.0,2,53.447575
20.0,2,53.498435
20.0,2,53.559412
20.0,2,53.610949
-1.0,2,53.668243
20.0,2,53.719978
-1.0,2,53.776021
20.0,2,53.828467
-1.0,2,53.883012
20.0,2,53.934461
20.0,2,53.985817
-1.0,2,54.040281
-1.0,2,54.098004
20.0,2,54.150267
20.0,2,54.211044
20.0,2,54.262699
20.0,2,54.322986
-1.0,2,54.37713
-1.0,2,54.434756
-1.0,2,54.492238
20.0,2,54.552871
20.0,2,54.613518
-1.0,2,54.670561
20.0,2,54.721891
-1.0,2,54.779296
20.0,2,54.839971
20.0,2,54.90018
-1.0,2,54.95467
-1.0,2,55.012385
-1.0,2,55.070416
20.0,2,55.13151
-1.0,2,55.185734
20.0,2,55.237057
-1.0,2,55.291143
-1.0,2,55.348547
-1.0,2,55.406113
-1.0,2,55.460826
20.0,2,55.51205
20.0,2,55.564521
20.0,2,55.625133
20.0,2,55.67636
20.0,2,55.728283
20.0,2,55.780526
-1.0,2,55.835173
-1.0,2,55.889874
-1.0,2,55.944311
20.0,2,55.996113
-1.0,2,56.053536
-1.0,2,56.10874
-1.0,2,56.166663
20.0,2,56.227487
20.0,2,56.288267
20.0,2,56.339623
-1.0,2,56.397007
20.0,2,56.448757
20.0,2,56.513523
-1.0,2,56.5686
20.0,2,56.62026
-1.0,2,56.674879
-1.0,2,56.732707
-1.0,2,56.788907
20.0,2,56.850099
-1.0,2,56.907612
20.0,2,56.959236
20.0,2,57.019608
20.0,2,57.080131
-1.0,2,57.137489
20.0,2,57.189049
-1.0,2,57.246247
-1.0,2,57.30399
20.0,2,57.355425
-1.0,2,57.410135
-1.0,2,57.464669
20.0,2,57.51579
-1.0,2,57.569839
20.0,2,57.621042
-1.0,2,57.678286
-1.0,2,57.736114
20.0,2,58.871201
20.0,2,58.932278
20.0,2,58.993309
20.0,2,59.04482
-1.0,2,59.09917
-1.0,2,59.154256
-1.0,2,59.20948
-1.0,2,59.26597
-1.0,2,59.321123
-1.0,2,59.378843
-1.0,2,59.436838
20.0,2,59.498606
-1.0,2,59.553739
20.0,2,59.615105
20.0,2,59.676817
20.0,2,59.728638
20.0,2,59.782705
-1.0,2,59.838246
-1.0,2,59.896927
-1.0,2,59.956562
-1.0,2,60.016454
20.0,2,60.069376
20.0,2,60.131976
-1.0,2,60.187814
-1.0,2,60.243796
-1.0,2,60.299827
20.0,2,60.352469
20.0,2,60.404017
-1.0,2,60.460655
-1.0,2,60.519133
-1.0,2,60.575102
-1.0,2,60.634758
-1.0,2,60.692998
-1.0,2,60.751495
-1.0,2,60.806782
20.0,2,60.858579
20.0,2,60.911851
-1.0,2,60.966964
20.0,2,61.018285
20.0,2,61.078644
20.0,2,61.129608
20.0,2,61.180957
-1.0,2,61.235149
-1.0,2,61.289881
-1.0,2,61.345149
-1.0,2,61.402894
-1.0,2,61.457867
20.0,2,61.509513
20.0,2,61.560842
-1.0,2,61.615166
20.0,2,61.666521
20.0,2,61.727132
-1.0,2,61.785746
-1.0,2,61.845107
-1.0,2,61.90081
-1.0,2,61.958815
20.0,2,62.020019
-1.0,2,62.074735
-1.0,2,62.129502
-1.0,2,62.18398
-1.0,2,62.23879
-1.0,2,62.296875
20.0,2,62.357987
20.0,2,62.409695
-1.0,2,62.464165
-1.0,2,62.51872
20.0,2,62.570094
20.0,2,62.630656
-1.0,2,62.687996
20.0,2,62.749612
-1.0,2,62.808004
-1.0,2,62.86596
20.0,2,62.917747
-1.0,2,62.972621
20.0,2,63.024825
-1.0,2,63.079467
-1.0,2,63.137261
-1.0,2,63.194833
20.0,2,63.255874
20.0,2,63.316408
-1.0,2,63.37399
20.0,2,63.425976
20.0,2,63.477094
-1.0,2,63.534352
20.0,2,63.595848
20.0,2,63.656224
20.0,2,63.707042
20.0,2,63.75817
-1.0,2,63.8124
20.0,2,63.863939
-1.0,2,63.921144
-1.0,2,63.976012
20.0,2,64.036861
20.0,2,64.097166
20.0,2,64.148328
-1.0,2,64.202633
20.0,2,64.255275
-1.0,2,64.313432
-1.0,2,64.371637
20.0,2,64.42302
20.0,2,64.483611
-1.0,2,64.538783
-1.0,2,64.594192
20.0,2,64.646891
20.0,2,64.699388
20.0,2,64.7525
20.0,2,64.805154
-1.0,2,64.862926
-1.0,2,64.918256
-1.0,2,64.97658
20.0,2,65.028328
-1.0,2,65.086353
-1.0,2,65.144379
20.0,2,65.195775
-1.0,2,65.250048
-1.0,2,65.304755
20.0,2,65.365939
20.0,2,65.417017
20.0,2,65.477437
-1.0,2,65.531582
20.0,2,65.583027
20.0,2,65.634408
-1.0,2,65.691657
-1.0,2,65.750192
20.0,2,65.811796
-1.0,2,65.86905
-1.0,2,65.924245
-1.0,2,65.97902
-1.0,2,66.034583
20.0,2,66.08611
20.0,2,66.146427
20.0,2,66.207026
20.0,2,66.258254
-1.0,2,66.312378
20.0,2,66.36403
20.0,2,66.424695
-1.0,2,66.481039
20.0,2,66.535088
-1.0,2,66.592249
-1.0,2,66.646644
-1.0,2,66.700996
20.0,2,66.761957
-1.0,2,66.816027
-1.0,2,66.8735
-1.0,2,66.928171
-1.0,2,66.986634
20.0,2,67.047382
20.0,2,67.108123
-1.0,2,67.165667
20.0,2,67.217305
-1.0,2,67.272148
-1.0,2,67.326653
-1.0,2,67.381417
-1.0,2,67.441811
20.0,2,67.503657
20.0,2,67.564175
20.0,2,67.616781
-1.0,2,67.671638
20.0,2,67.7337
20.0,2,67.796106
20.0,2,67.848684
-1.0,2,67.908244
-1.0,2,67.964468
-1.0,2,68.022602
20.0,2,68.083637
-1.0,2,68.138055
20.0,2,68.199049
-1.0,2,68.254425
-1.0,2,68.3123
-1.0,2,68.367209
-1.0,2,68.422146
-1.0,2,68.480088
20.0,2,68.540729
20.0,2,68.59172
20.0,2,68.652403
20.0,2,68.703337
20.0,2,68.755341
-1.0,2,68.813341
-1.0,2,68.871195
-1.0,2,68.927781
-1.0,2,68.987085
-1.0,2,69.042327
20.0,2,69.093868
-1.0,2,69.147977
-1.0,2,69.205556
-1.0,2,69.263486
20.0,2,69.324344
-1.0,2,69.378604
-1.0,2,69.436197
-1.0,2,69.494152
20.0,2,69.555556
-1.0,2,69.613238
20.0,2,69.674051
20.0,2,69.725113
-1.0,2,69.782669
-1.0,2,69.84022
-1.0,2,69.897927
20.0,2,69.958689
20.0,2,70.020257
20.0,2,70.081793
20.0,2,70.142615
20.0,2,70.203281
20.0,2,70.254487
-1.0,2,70.308846
-1.0,2,70.363836
20.0,2,70.41601
20.0,2,70.467258
20.0,2,70.518609
-1.0,2,70.573971
-1.0,2,70.633002
20.0,2,70.685627
-1.0,2,70.74367
-1.0,2,70.799254
-1.0,2,70.854613
20.0,2,70.915913
20.0,2,70.967264
-1.0,2,71.021485
20.0,2,71.07356
20.0,2,71.125543
-1.0,2,71.183088
-1.0,2,71.240762
-1.0,2,71.298317
-1.0,2,71.35585
-1.0,2,71.413447
20.0,2,71.464985
20.0,2,71.525215
20.0,2,71.576112
-1.0,2,71.6333
20.0,2,71.69427
-1.0,2,71.749593
-1.0,2,71.808097
-1.0,2,71.865939
-1.0,2,71.92044
-1.0,2,71.978189
20.0,2,72.038984
-1.0,2,72.096227
-1.0,2,72.15379
20.0,2,72.205063
20.0,2,72.256323
-1.0,2,72.313728
20.0,2,72.374573
20.0,2,72.435035
-1.0,2,72.489261
-1.0,2,72.546853
-1.0,2,72.601304
20.0,2,72.65266
20.0,2,72.712995
-1.0,2,72.767149
20.0,2,72.828
-1.0,2,72.8852
-1.0,2,72.943754
-1.0,2,73.001588
20.0,2,73.053251
-1.0,2,73.107893
-1.0,2,73.162954
20.0,2,73.214555
20.0,2,73.27617
20.0,2,73.337064
20.0,2,73.397432
20.0,2,73.458834
20.0,2,73.52193
-1.0,2,73.581232
20.0,2,73.633204
20.0,2,73.693989
-1.0,2,73.748701
-1.0,2,73.803672
20.0,2,73.855073
20.0,2,73.915345
-1.0,2,73.972602
20.0,2,74.033789
-1.0,2,74.091223
20.0,2,74.143156
-1.0,2,74.200495
-1.0,2,74.255346
-1.0,2,74.310059
-1.0,2,74.36767
20.0,2,74.41895
-1.0,2,74.473348
20.0,2,74.534578
-1.0,2,74.589351
20.0,2,74.640599
-1.0,2,74.694729
20.0,2,74.746121
-1.0,2,74.804103
-1.0,2,74.862219
-1.0,2,74.916651
-1.0,2,74.971268
-1.0,2,75.026191
-1.0,2,75.080704
20.0,2,75.13209
-1.0,2,75.189296
20.0,2,75.250483
-1.0,2,75.307688
20.0,2,75.368383
-1.0,2,75.422459
20.0,2,75.483726
-1.0,2,75.541018
20.0,2,75.601888
20.0,2,75.662267
-1.0,2,75.719547
20.0,2,75.770834
20.0,2,75.821826
20.0,2,75.873091
20.0,2,75.934042
20.0,2,75.994721
-1.0,2,76.049236
-1.0,2,76.106908
20.0,2,76.168291
20.0,2,76.228996
-1.0,2,76.286411
-1.0,2,76.341037
-1.0,2,76.395657
-1.0,2,76.45522
-1.0,2,76.514756
-1.0,2,76.572884
-1.0,2,76.63055
20.0,2,76.69124
-1.0,2,76.746957
-1.0,2,76.801997
20.0,2,76.863217
20.0,2,76.914539
20.0,2,76.965937
-1.0,2,77.023482
-1.0,2,77.081456
-1.0,2,77.139262
20.0,2,77.190923
-1.0,2,77.245439
20.0,2,77.297334
-1.0,2,77.351565
20.0,2,77.402859
-1.0,2,77.45699
-1.0,2,77.514722
20.0,2,77.575662
20.0,2,77.626675
20.0,2,77.677798
20.0,2,77.7383
20.0,2,77.789564
-1.0,2,77.846884
20.0,2,77.908017
20.0,2,77.969807
-1.0,2,78.028136
20.0,2,78.097552
20.0,2,78.163905
-1.0,2,78.221166
-1.0,2,78.288176
-1.0,2,78.356375
20.0,2,78.416597
20.0,2,78.49017
20.0,2,78.562424
20.0,2,78.617561
20.0,2,78.68666
-1.0,2,78.746072
-1.0,2,78.801067
-1.0,2,78.858556
20.0,2,78.90992
-1.0,2,78.96425
-1.0,2,79.019417
-1.0,2,79.077165
-1.0,2,79.134685
-1.0,2,79.189423
20.0,2,79.241094
20.0,2,79.30237
-1.0,2,79.359653
20.0,2,79.421192
-1.0,2,79.478606
-1.0,2,79.533395
20.0,2,79.584628
20.0,2,79.635927
-1.0,2,79.693295
-1.0,2,79.750995
-1.0,2,79.805569
20.0,2,79.866776
-1.0,2,79.921005
20.0,2,79.982108
20.0,2,80.033846
20.0,2,80.094883
20.0,2,80.155465
20.0,2,80.206472
20.0,2,80.257761
20.0,2,80.31843
-1.0,2,80.375607
20.0,2,80.427378
20.0,2,80.478664
-1.0,2,80.536226
20.0,2,80.596976
-1.0,2,80.654277
20.0,2,80.705693
20.0,2,80.756588
-1.0,2,80.811073
20.0,2,80.872015
20.0,2,80.932364
20.0,2,80.993019
20.0,2,81.043941
-1.0,2,81.101037
-1.0,2,81.155535
20.0,2,81.216599
-1.0,2,81.273703
20.0,2,81.334282
20.0,2,81.394559
-1.0,2,81.451799
-1.0,2,81.506606
20.0,2,81.56733
-1.0,2,81.62169
20.0,2,81.683015
20.0,2,81.743602
20.0,2,81.79478
20.0,2,81.855101
20.0,2,81.915395
-1.0,2,81.969527
20.0,2,82.031357
-1.0,2,82.088849
20.0,2,82.14066
-1.0,2,82.197846
20.0,2,82.249133
-1.0,2,82.307167
20.0,2,82.358664
-1.0,2,82.413185
20.0,2,82.473938
-1.0,2,82.531613
-1.0,2,82.586154
-1.0,2,82.640867
-1.0,2,82.695763
-1.0,2,82.751247
20.0,2,82.804631
20.0,2,82.856233
20.0,2,82.916987
20.0,2,82.978107
-1.0,2,83.032749
-1.0,2,83.090435
20.0,2,83.151975
-1.0,2,83.209354
-1.0,2,83.26695
-1.0,2,83.32225
20.0,2,83.373805
20.0,2,83.424678
-1.0,2,83.481761
-1.0,2,83.536855
20.0,2,83.588332
-1.0,2,83.645595
20.0,2,83.708539
-1.0,2,83.76614
20.0,2,83.817598
20.0,2,83.868516
20.0,2,83.9292
-1.0,2,83.983414
20.0,2,84.034765
-1.0,2,84.089137
20.0,2,84.149959
-1.0,2,84.204486
-1.0,2,84.262334
20.0,2,84.314008
20.0,2,84.365125
-1.0,2,84.419181
-1.0,2,84.476739
-1.0,2,84.53127
-1.0,2,84.585741
-1.0,2,84.640663
-1.0,2,84.699546
20.0,2,84.761135
20.0,2,84.81328
-1.0,2,84.872639
20.0,2,84.925275
-1.0,2,84.983535
-1.0,2,85.041724
-1.0,2,85.101331
-1.0,2,85.157113
-1.0,2,85.215833
-1.0,2,85.271824
-1.0,2,85.330729
-1.0,2,85.390307
-1.0,2,85.445964
-1.0,2,85.507718
-1.0,2,85.564975
20.0,2,85.626718
-1.0,2,85.68674
20.0,2,85.751488
20.0,2,85.815173
-1.0,2,85.872782
20.0,2,85.92721
20.0,2,85.989616
-1.0,2,86.046588
20.0,2,86.099474
20.0,2,86.150886
20.0,2,86.211691
20.0,2,86.262991
20.0,2,86.315313
-1.0,2,86.374328
20.0,2,86.435891
20.0,2,86.500576
20.0,2,86.553545
20.0,2,86.613997
20.0,2,86.665017
20.0,2,86.715896
20.0,2,86.776308
-1.0,2,86.833779
-1.0,2,86.88847
20.0,2,86.939873
-1.0,2,86.997163
-1.0,2,87.051556
-1.0,2,87.109125
20.0,2,87.170085
20.0,2,87.22123
-1.0,2,87.278672
20.0,2,87.330278
-1.0,2,87.387595
-1.0,2,87.447419
20.0,2,87.511255
20.0,2,87.564701
20.0,2,87.627826
-1.0,2,87.68433
20.0,2,87.738311
20.0,2,87.791606
-1.0,2,87.848186
20.0,2,87.901651
20.0,2,87.955094
-1.0,2,88.011614
20.0,2,88.065239
20.0,2,88.128231
-1.0,2,88.184603
-1.0,2,88.244319
20.0,2,88.30714
20.0,2,88.370275
-1.0,2,88.430975
20.0,2,88.494874
20.0,2,88.55753
20.0,2,88.618315
-1.0,2,88.672831
20.0,2,88.733791
-1.0,2,88.792998
-1.0,2,88.848418
20.0,2,88.910197
20.0,2,88.961727
20.0,2,89.014071
-1.0,2,89.069008
20.0,2,89.120916
-1.0,2,89.179453
20.0,2,89.231685
-1.0,2,89.289937
20.0,2,89.350922
20.0,2,89.401917
20.0,2,89.462339
20.0,2,89.522666
-1.0,2,89.579977
20.0,2,89.640721
-1.0,2,89.697961
-1.0,2,89.755458
20.0,2,89.806887
-1.0,2,89.861027
20.0,2,89.912292
20.0,2,89.963249
-1.0,2,90.021004
20.0,2,90.07261
20.0,2,90.123821
20.0,2,90.184411
-1.0,2,90.241737
-1.0,2,90.299411
20.0,2,90.361226
20.0,2,90.422394
-1.0,2,90.47683
-1.0,2,90.53446
20.0,2,90.595423
20.0,2,90.655591
20.0,2,90.706617
-1.0,2,90.763876
20.0,2,90.815819
20.0,2,90.876259
-1.0,2,90.933343
-1.0,2,90.991177
-1.0,2,91.045783
-1.0,2,91.100533
-1.0,2,91.159017
-1.0,2,91.216454
-1.0,2,91.273105
20.0,2,91.327029
-1.0,2,91.383386
-1.0,2,91.440753
20.0,2,91.494537
-1.0,2,91.554968
20.0,2,91.618847
-1.0,2,91.675314
20.0,2,91.728024
20.0,2,91.779756
-1.0,2,91.838234
20.0,2,91.901259
-1.0,2,91.959399
-1.0,2,92.017873
-1.0,2,92.076101
20.0,2,92.128147
-1.0,2,92.186151
-1.0,2,92.241067
20.0,2,92.302361
-1.0,2,92.359225
-1.0,2,92.41637
-1.0,2,92.473349
20.0,2,92.526915
20.0,2,92.580187
20.0,2,92.641271
-1.0,2,92.695345
-1.0,2,92.753137
-1.0,2,92.809088
20.0,2,92.870782
-1.0,2,92.928005
20.0,2,92.979386
20.0,2,93.040102
-1.0,2,93.097382
20.0,2,93.148973
-1.0,2,93.206209
-1.0,2,93.261364
-1.0,2,93.319467
20.0,2,93.370775
-1.0,2,93.42807
-1.0,2,93.485522
20.0,2,93.546588
-1.0,2,93.603876
20.0,2,93.664574
20.0,2,93.724862
20.0,2,93.785072
-1.0,2,93.841987
20.0,2,93.902761
20.0,2,93.953656
20.0,2,94.004895
-1.0,2,94.059204
-1.0,2,94.116818
20.0,2,94.177669
20.0,2,94.228956
20.0,2,94.289434
-1.0,2,94.346497
20.0,2,94.406985
20.0,2,94.459344
20.0,2,94.511209
20.0,2,94.572315
20.0,2,94.62458
20.0,2,94.685797
-1.0,2,94.743963
20.0,2,94.79607
20.0,2,94.856849
-1.0,2,94.911458
-1.0,2,94.966578
-1.0,2,95.022726
-1.0,2,95.081567
20.0,2,95.133504
20.0,2,95.194
20.0,2,95.245181
20.0,2,95.296376
20.0,2,95.347592
20.0,2,95.398943
-1.0,2,95.456221
-1.0,2,95.513929
-1.0,2,95.568313
-1.0,2,95.625958
-1.0,2,95.680516
-1.0,2,95.734963
20.0,2,95.796706
-1.0,2,95.850746
-1.0,2,95.905335
20.0,2,95.966027
-1.0,2,96.023341
-1.0,2,96.081287
20.0,2,96.132689
20.0,2,96.193146
20.0,2,96.253665
20.0,2,96.314066
20.0,2,96.365119
20.0,2,96.426018
-1.0,2,96.482148
-1.0,2,96.542617
-1.0,2,96.597096
-1.0,2,96.654703
20.0,2,96.715222
-1.0,2,96.769357
20.0,2,96.820738
-1.0,2,96.87464
-1.0,2,96.932169
-1.0,2,96.990313
20.0,2,97.0415
20.0,2,97.101861
20.0,2,97.162371
-1.0,2,97.216428
20.0,2,97.267722
20.0,2,97.328215
-1.0,2,97.386725
20.0,2,97.439234
20.0,2,97.500216
20.0,2,97.551858
20.0,2,97.603501
20.0,2,97.664113
-1.0,2,97.718519
20.0,2,97.779695
-1.0,2,97.834225
20.0,2,97.895941
-1.0,2,97.952883
-1.0,2,98.008702
-1.0,2,98.066725
20.0,2,98.119404
-1.0,2,98.177551
20.0,2,98.238855
20.0,2,98.290071
-1.0,2,98.347361
20.0,2,98.408639
-1.0,2,98.465995
-1.0,2,98.523642
20.0,2,98.58432
-1.0,2,98.63841
-1.0,2,98.692872
20.0,2,98.74586
20.0,2,98.798173
20.0,2,98.849231
20.0,2,98.909846
20.0,2,98.970144
20.0,2,99.021108
20.0,2,99.072049
20.0,2,99.132489
-1.0,2,99.190144
20.0,2,99.251327
20.0,2,99.313234
-1.0,2,99.370301
-1.0,2,99.428371
-1.0,2,99.485996
-1.0,2,99.540469
20.0,2,99.60142
20.0,2,99.661997
20.0,2,99.722276
20.0,2,99.773282
-1.0,2,99.830442
20.0,2,99.891373
-1.0,2,99.947583
20.0,2,100.008569
-1.0,2,100.065762
20.0,2,100.117194
-1.0,2,100.171324
-1.0,2,100.226021
20.0,2,100.287104
-1.0,2,100.344464
20.0,2,100.405551
-1.0,2,100.464049
-1.0,2,100.519836
-1.0,2,100.576269
20.0,2,100.63902
20.0,2,100.691639
-1.0,2,100.747763
20.0,2,100.80139
-1.0,2,100.857149
20.0,2,100.91127
20.0,2,100.963016
20.0,2,101.015199
-1.0,2,101.070487
20.0,2,101.12229
20.0,2,101.173775
-1.0,2,101.231462
-1.0,2,101.289235
20.0,2,101.340805
-1.0,2,101.398457
20.0,2,101.449904
20.0,2,101.500861
20.0,2,101.56203
-1.0,2,101.619459
-1.0,2,101.677051
-1.0,2,101.734841
20.0,2,101.800094
20.0,2,101.862676
20.0,2,101.915681
-1.0,2,101.974009
-1.0,2,102.029551
20.0,2,102.091264
-1.0,2,102.145976
-1.0,2,102.205208
20.0,2,102.262507
-1.0,2,102.322496
-1.0,2,102.3844
20.0,2,102.437319
20.0,2,102.504263
-1.0,2,102.562294
20.0,2,102.614228
20.0,2,102.675179
20.0,2,102.729308
-1.0,2,102.785949
-1.0,2,102.841069
20.0,2,102.902342
-1.0,2,102.96011
20.0,2,103.013731
-1.0,2,103.069538
20.0,2,103.131722
-1.0,2,103.194572
20.0,2,103.247984
20.0,2,103.300329
-1.0,2,103.358368
-1.0,2,103.414499
20.0,2,103.468788
-1.0,2,103.535989
20.0,2,103.590667
20.0,2,103.655204
-1.0,2,103.718495
20.0,2,103.784671
20.0,2,103.847075
-1.0,2,103.906606
-1.0,2,103.962927
-1.0,2,104.023343
20.0,2,104.080927
20.0,2,104.138299
-1.0,2,104.20036
-1.0,2,104.259443
20.0,2,104.320747
20.0,2,104.372522
20.0,2,104.424915
-1.0,2,104.480212
-1.0,2,104.536381
-1.0,2,104.591385
-1.0,2,104.649499
-1.0,2,104.70439
-1.0,2,104.769963
-1.0,2,104.828987
20.0,2,104.881475
20.0,2,104.936979
20.0,2,104.988715
-1.0,2,105.046782
20.0,2,105.108524
20.0,2,105.171555
-1.0,2,105.231335
20.0,2,105.286657
20.0,2,105.34776
20.0,2,105.400875
-1.0,2,105.455736
-1.0,2,105.514215
20.0,2,105.575529
-1.0,2,105.633519
20.0,2,105.685571
20.0,2,105.751848
20.0,2,105.812947
-1.0,2,105.870579
-1.0,2,105.926273
-1.0,2,105.981557
20.0,2,106.033582
-1.0,2,106.088249
-1.0,2,106.143388
-1.0,2,106.201974
-1.0,2,106.260474
-1.0,2,106.316094
20.0,2,106.368414
-1.0,2,106.431758
20.0,2,106.507666
-1.0,2,106.569956
-1.0,2,106.628963
-1.0,2,106.685013
-1.0,2,106.743718
20.0,2,106.800237
20.0,2,106.853982
20.0,2,106.906711
-1.0,2,106.966031
-1.0,2,107.021868
20.0,2,107.083389
-1.0,2,107.142292
-1.0,2,107.205734
-1.0,2,107.26516
20.0,2,107.326984
-1.0,2,107.385581
20.0,2,107.43787
-1.0,2,107.492555
-1.0,2,107.54805
20.0,2,107.609466
20.0,2,107.671248
20.0,2,107.73505
-1.0,2,107.795369
20.0,2,107.857088
-1.0,2,107.916097
20.0,2,107.968642
-1.0,2,108.026698
20.0,2,108.080394
-1.0,2,108.143226
-1.0,2,108.201928
-1.0,2,108.263568
20.0,2,108.316149
-1.0,2,108.37476
20.0,2,108.427681
-1.0,2,108.486352
20.0,2,108.550203
20.0,2,108.612838
-1.0,2,108.67067
-1.0,2,108.72803
20.0,2,108.790098
20.0,2,108.851308
20.0,2,108.912479
20.0,2,108.973629
-1.0,2,109.032155
20.0,2,109.084118
-1.0,2,109.142463
20.0,2,109.195109
-1.0,2,109.250816
20.0,2,109.302559
20.0,2,109.353799
-1.0,2,109.408609
-1.0,2,109.463307
20.0,2,109.514551
20.0,2,109.579508
-1.0,2,109.636658
20.0,2,109.698162
20.0,2,109.749186
20.0,2,109.809657
20.0,2,109.860475
20.0,2,109.9212
-1.0,2,109.978333
20.0,2,110.029595
-1.0,2,110.086731
-1.0,2,110.143931
20.0,2,110.195054
-1.0,2,110.249215
20.0,2,110.300608
-1.0,2,110.357435
-1.0,2,110.411834
-1.0,2,110.469405
20.0,2,110.529877
-1.0,2,110.58379
-1.0,2,110.638098
20.0,2,110.698843
20.0,2,110.749752
20.0,2,110.810537
20.0,2,110.870894
20.0,2,110.922217
20.0,2,110.98243
20.0,2,111.042412
20.0,2,111.102384
-1.0,2,111.159066
20.0,2,111.2102
20.0,2,111.270553
-1.0,2,111.327458
20.0,2,111.378549
-1.0,2,111.432711
-1.0,2,111.487123
-1.0,2,111.544443
-1.0,2,111.598615
20.0,2,111.649804
-1.0,2,111.703696
-1.0,2,111.757955
20.0,2,111.818491
20.0,2,111.878698
-1.0,2,111.933827
-1.0,2,111.991936
-1.0,2,112.050077
-1.0,2,112.10768
20.0,2,112.158953
20.0,2,112.209942
20.0,2,112.260901
20.0,2,112.311766
20.0,2,112.372011
20.0,2,112.423835
20.0,2,112.484292
20.0,2,112.535271
20.0,2,112.595953
-1.0,2,112.650292
-1.0,2,112.707661
-1.0,2,112.762245
-1.0,2,112.816797
-1.0,2,112.874199
-1.0,2,112.928962
-1.0,2,112.983502
-1.0,2,113.04092
-1.0,2,113.095237
-1.0,2,113.153008
20.0,2,113.204471
20.0,2,113.26451
20.0,2,113.315175
-1.0,2,113.372134
-1.0,2,113.426577
20.0,2,113.487067
20.0,2,113.547349
20.0,2,113.607641
-1.0,2,113.664675
-1.0,2,113.718978
-1.0,2,113.773402
-1.0,2,113.827762
20.0,2,113.879489
-1.0,2,113.937175
-1.0,2,113.991703
20.0,2,114.042716
-1.0,2,114.099671
20.0,2,114.160018
20.0,2,114.211168
20.0,2,114.271365
20.0,2,114.332129
20.0,2,114.392436
20.0,2,114.443965
-1.0,2,114.500862
20.0,2,114.561344
-1.0,2,114.618169
20.0,2,114.67892
-1.0,2,114.732878
20.0,2,114.78416
-1.0,2,114.838033
20.0,2,114.898593
20.0,2,114.950105
20.0,2,115.000838
20.0,2,115.061665
-1.0,2,115.118861
-1.0,2,115.176521
-1.0,2,115.23124
-1.0,2,115.285832
-1.0,2,115.343184
20.0,2,115.404341
20.0,2,115.465482
20.0,2,115.517573
20.0,2,115.569114
20.0,2,115.620278
20.0,2,115.671293
20.0,2,115.722159
-1.0,2,115.776363
20.0,2,115.827608
20.0,2,115.878392
20.0,2,115.939176
20.0,2,115.999534
-1.0,2,116.056685
20.0,2,116.117649
-1.0,2,116.171815
-1.0,2,116.226196
20.0,2,116.286564
20.0,2,116.346777
-1.0,2,116.400654
-1.0,2,116.455146
-1.0,2,116.512922
20.0,2,116.564417
20.0,2,116.615231
-1.0,2,116.669195
-1.0,2,116.726647
-1.0,2,116.781095
20.0,2,116.832296
20.0,2,116.892338
