#{"t_start": 1718351054.7303264, "env_id": "None"}
r,l,t
17.0,5,0.067334
-7.0,8,0.128776
-6.0,7,0.194116
14.0,8,0.258169
-5.0,6,0.327086
11.0,11,0.382799
10.0,12,0.438911
-2.0,3,0.509571
-5.0,6,0.580658
16.0,6,0.635825
-4.0,5,0.696907
-8.0,9,0.76229
19.0,3,0.826825
4.0,18,0.890823
16.0,6,0.953272
16.0,6,1.015481
10.0,12,1.084533
17.0,5,1.150295
19.0,3,1.215647
-4.0,5,1.278475
19.0,3,1.350698
-9.0,31,1.428543
14.0,8,1.489219
-1.0,2,1.548838
-10.0,11,1.621046
12.0,10,1.691349
15.0,7,1.755656
17.0,5,1.831451
14.0,8,1.892913
10.0,12,1.960209
-6.0,7,2.023998
19.0,3,2.091921
17.0,5,2.154483
17.0,5,2.218189
-7.0,8,2.283363
-2.0,3,2.34919
-12.0,13,2.427698
4.0,18,2.494558
13.0,9,2.558881
-9.0,10,2.638561
10.0,12,2.706391
-3.0,25,2.7811
-8.0,9,2.862526
12.0,10,2.940048
-3.0,4,3.021669
-3.0,4,3.100181
11.0,11,3.16538
13.0,9,3.239702
5.0,17,3.314466
-3.0,4,3.386448
-2.0,3,3.472577
-14.0,15,3.549816
-2.0,3,3.616209
-5.0,6,3.697311
13.0,9,3.764784
-10.0,11,3.838597
-8.0,9,3.920965
-7.0,8,3.998306
-4.0,5,4.065932
-6.0,7,4.151973
-20.0,21,4.225761
11.0,11,4.287352
13.0,9,4.356609
17.0,5,4.417139
18.0,4,4.48395
-11.0,12,4.55084
-2.0,3,4.614689
-2.0,3,4.682647
-5.0,6,4.751783
12.0,10,4.810933
19.0,3,4.882438
18.0,4,4.94737
-12.0,13,5.015405
-17.0,18,5.092313
19.0,3,5.15479
-2.0,3,5.224481
19.0,3,5.300333
3.0,19,5.375057
9.0,13,5.450311
2.0,20,5.528644
-3.0,4,5.607031
16.0,6,5.668881
15.0,7,5.736313
-10.0,11,5.805205
-24.0,25,5.880407
-3.0,4,5.951006
-1.0,2,6.020334
-4.0,5,6.092045
-2.0,24,6.162235
-11.0,12,6.230958
20.0,2,6.299475
-5.0,6,6.368315
-2.0,3,6.438171
8.0,14,6.501344
-4.0,5,6.568946
-1.0,23,6.638987
-9.0,10,6.71109
15.0,7,6.771454
12.0,10,6.836475
19.0,3,6.913809
12.0,10,6.980422
17.0,5,7.045661
-1.0,2,7.119253
-1.0,23,7.190468
13.0,9,7.256361
-4.0,26,7.329267
-14.0,15,7.405223
12.0,10,7.472812
-10.0,11,7.540543
-6.0,7,7.610806
-6.0,7,7.686651
14.0,8,7.748227
-6.0,7,7.82531
-19.0,20,7.897782
-22.0,23,7.970277
13.0,9,8.044111
15.0,7,8.103291
-5.0,6,8.177923
-1.0,23,8.261951
9.0,13,8.324009
-20.0,21,8.410799
-4.0,5,8.485979
14.0,8,8.546516
18.0,4,8.606533
-1.0,2,8.678113
-6.0,7,8.751887
-9.0,10,8.825848
19.0,3,8.898491
-14.0,15,8.972435
-5.0,6,9.036442
16.0,6,9.103473
-13.0,14,9.180181
8.0,14,9.246122
4.0,18,9.319844
-2.0,3,9.388163
-3.0,4,9.468798
-14.0,15,9.540109
12.0,10,9.600097
14.0,8,9.676198
8.0,14,9.741769
-1.0,2,9.801023
14.0,8,9.861646
-13.0,14,9.932594
11.0,11,9.997044
2.0,20,10.064916
-3.0,4,10.137265
-15.0,16,10.207742
9.0,13,10.273263
-8.0,9,10.344197
18.0,4,10.401597
18.0,4,10.467717
-3.0,4,10.531944
6.0,16,10.59894
12.0,10,10.658594
6.0,16,10.725886
11.0,11,10.797612
-1.0,2,10.86664
-3.0,4,10.934177
-9.0,10,11.008377
19.0,3,11.080329
-12.0,13,11.150417
17.0,5,11.212861
-3.0,4,11.279628
-10.0,11,11.34779
16.0,6,11.409255
12.0,10,11.470181
-3.0,4,11.537268
-6.0,7,11.613393
-5.0,6,11.683049
15.0,7,11.743924
-2.0,3,11.815779
-9.0,10,11.887972
20.0,2,11.946723
6.0,16,12.016234
8.0,14,12.079063
-14.0,15,12.14862
-9.0,10,12.217389
16.0,6,12.286626
3.0,19,12.356329
17.0,5,12.42197
8.0,14,12.487546
17.0,5,12.551877
16.0,6,12.615878
-9.0,10,12.684851
17.0,5,12.743372
14.0,8,12.802931
-2.0,3,12.874872
-12.0,13,12.943628
17.0,5,13.001488
-1.0,2,13.071996
3.0,19,13.138813
-20.0,21,13.218862
3.0,19,13.286689
1.0,21,13.353952
-1.0,2,13.42306
-15.0,16,13.49326
8.0,14,13.572981
-2.0,3,13.638836
-4.0,5,13.708672
-4.0,5,13.771219
-17.0,18,13.844585
5.0,17,13.916282
-24.0,25,13.990158
-10.0,11,14.057103
10.0,12,14.119302
20.0,2,14.18327
-3.0,4,14.254434
18.0,4,14.311431
-11.0,12,14.384303
19.0,3,14.450693
14.0,8,14.513038
-20.0,42,14.594749
-5.0,6,14.66189
18.0,4,14.721988
13.0,9,14.797335
17.0,5,14.856509
20.0,2,14.913718
-2.0,3,14.975729
-10.0,11,15.049969
11.0,11,15.111121
-37.0,59,15.20272
-9.0,10,15.27853
3.0,19,15.34796
12.0,10,15.41399
-6.0,7,15.486227
-10.0,11,15.550723
13.0,9,15.614662
18.0,4,15.685884
-5.0,6,15.747776
16.0,6,15.815968
-1.0,2,15.87901
17.0,5,15.936009
-10.0,11,16.01187
17.0,5,16.068405
10.0,12,16.13613
9.0,13,16.201108
-3.0,4,16.262562
-5.0,6,16.330214
-1.0,2,16.396031
-6.0,7,16.464218
14.0,8,16.530093
-4.0,5,16.598322
-6.0,7,16.665472
-4.0,5,16.737481
12.0,10,16.797654
-4.0,5,16.864084
-6.0,7,16.933938
-3.0,4,17.000276
10.0,12,17.06196
12.0,10,17.12383
6.0,16,17.187356
-1.0,2,17.250037
-1.0,2,17.320364
-5.0,6,17.388085
-8.0,9,17.460829
4.0,18,17.533066
-18.0,19,17.604759
-10.0,11,17.673045
-11.0,12,17.747736
20.0,2,17.810321
-10.0,11,17.877095
-9.0,10,17.942185
-4.0,5,18.008302
-17.0,18,18.080292
16.0,6,18.152097
15.0,7,18.218093
-10.0,11,18.29141
-25.0,26,18.367286
-6.0,7,18.440496
-2.0,3,18.506785
15.0,7,18.567699
15.0,7,18.63263
12.0,10,18.695585
15.0,7,18.761563
-4.0,5,18.82848
14.0,8,18.894211
17.0,5,18.957339
-3.0,4,19.024324
16.0,6,19.0838
16.0,6,19.1401
4.0,18,19.221097
8.0,14,19.286829
-3.0,4,19.353031
10.0,12,19.414159
-9.0,31,19.488071
19.0,3,19.559889
9.0,13,19.622652
2.0,20,19.690075
18.0,4,19.751283
-7.0,8,19.816949
-4.0,5,19.883798
-13.0,14,19.957761
-1.0,2,20.020754
-4.0,5,20.088749
-16.0,17,20.160523
13.0,9,20.226249
-7.0,8,20.295235
12.0,10,20.355704
18.0,4,20.41249
16.0,6,20.470768
-46.0,47,20.558339
17.0,5,20.62487
-6.0,7,20.692712
-7.0,8,20.762197
-3.0,25,20.83214
-3.0,4,20.903008
-11.0,12,20.983558
17.0,5,21.052211
-7.0,8,21.132637
15.0,7,21.204647
14.0,8,21.269477
-4.0,5,21.332305
-1.0,2,21.400338
-4.0,5,21.473791
13.0,9,21.541748
-6.0,7,21.611589
-3.0,4,21.681573
-1.0,2,21.755215
20.0,2,21.819583
-14.0,15,21.902628
-8.0,9,21.975414
-10.0,11,22.042645
-3.0,4,22.11313
-2.0,3,22.182094
11.0,11,22.245431
-18.0,19,22.324941
14.0,8,22.386563
-17.0,18,22.462126
-2.0,3,22.529983
-1.0,2,22.600225
-5.0,6,22.664587
4.0,18,22.738966
2.0,20,22.811111
-12.0,13,22.88016
-2.0,3,22.954184
-6.0,7,23.024109
-2.0,3,23.087019
12.0,10,23.148888
7.0,15,23.212683
11.0,11,23.27754
-10.0,11,23.351017
14.0,8,23.421419
-6.0,7,23.495011
-19.0,20,23.570057
19.0,3,23.633655
11.0,11,23.72375
12.0,10,23.802407
-1.0,2,23.867101
13.0,9,23.929558
-7.0,8,23.997171
-3.0,4,24.065477
16.0,6,24.125987
15.0,7,24.188463
-13.0,14,24.265095
7.0,15,24.337768
19.0,3,24.402179
15.0,7,24.460299
10.0,12,24.523035
-10.0,11,24.595892
-6.0,7,24.662183
4.0,18,24.729687
17.0,5,24.792438
-18.0,19,24.864277
13.0,9,24.928482
-6.0,7,24.999101
4.0,18,25.06751
18.0,4,25.12613
20.0,2,25.181329
-1.0,2,25.248698
-2.0,3,25.316728
11.0,11,25.379626
-14.0,15,25.456646
13.0,9,25.532619
17.0,5,25.60826
-12.0,13,25.683853
-7.0,29,25.77151
8.0,14,25.83753
18.0,4,25.9017
15.0,7,25.96077
-16.0,17,26.033624
-7.0,8,26.106009
-11.0,12,26.181404
19.0,3,26.242311
10.0,12,26.315706
7.0,15,26.380079
-4.0,26,26.454625
-2.0,3,26.521055
7.0,15,26.587335
-3.0,4,26.660671
-17.0,39,26.742901
8.0,14,26.81365
-23.0,24,26.890502
-7.0,8,26.961114
-9.0,10,27.034209
19.0,3,27.092165
-3.0,4,27.163996
14.0,8,27.239736
-5.0,6,27.311587
-14.0,15,27.383368
16.0,6,27.448699
-6.0,7,27.515332
-12.0,13,27.583145
-2.0,3,27.651109
-2.0,3,27.723124
-5.0,6,27.792854
14.0,8,27.853772
-6.0,7,27.919721
18.0,4,27.983749
-11.0,12,28.058051
18.0,4,28.116237
-14.0,15,28.193969
16.0,6,28.251867
-17.0,18,28.333202
4.0,18,28.402857
-7.0,8,28.472077
-3.0,4,28.540307
13.0,9,28.610002
-9.0,10,28.676741
20.0,2,28.740544
20.0,2,28.795394
-3.0,4,28.862442
10.0,12,28.92603
-9.0,10,29.003068
-5.0,6,29.067237
-2.0,24,29.140642
-8.0,9,29.211959
14.0,8,29.274533
3.0,19,29.343579
9.0,13,29.415285
-6.0,7,29.486835
2.0,20,29.55624
17.0,5,29.629329
-1.0,2,29.692285
20.0,2,29.753284
-5.0,6,29.823654
15.0,7,29.891929
19.0,3,29.953491
14.0,8,30.015566
14.0,8,30.083779
-8.0,9,30.151691
15.0,7,30.220217
9.0,13,30.286915
12.0,10,30.350978
-15.0,16,30.422385
-1.0,2,30.494403
2.0,20,30.564277
4.0,18,30.632054
-5.0,6,30.69773
19.0,3,30.753242
-3.0,25,30.82793
-12.0,13,30.901513
-4.0,5,30.974612
9.0,13,31.043535
15.0,7,31.114009
-18.0,19,31.193333
16.0,6,31.265828
10.0,12,31.33038
16.0,6,31.392787
11.0,11,31.456714
-4.0,5,31.524928
-2.0,3,31.59603
12.0,10,31.65805
16.0,6,31.727909
-14.0,15,31.797514
-20.0,42,31.884946
-5.0,6,31.948523
16.0,6,32.009144
10.0,12,32.072763
18.0,4,32.136717
-9.0,10,32.202924
-28.0,29,32.28318
-5.0,6,32.352676
-4.0,5,32.424281
-5.0,6,32.496311
-3.0,4,32.566767
-15.0,16,32.640914
-6.0,7,32.706324
5.0,17,32.770963
-4.0,5,32.842338
9.0,13,32.908304
8.0,14,32.975543
-7.0,8,33.045383
-1.0,2,33.109103
-9.0,10,33.176878
-13.0,14,33.250075
-9.0,10,33.325474
10.0,12,33.389335
-32.0,33,33.472337
-10.0,11,33.547405
14.0,8,33.607161
16.0,6,33.664595
-4.0,5,33.73442
-5.0,6,33.802522
20.0,2,33.86378
19.0,3,33.933336
-3.0,4,34.005165
-10.0,11,34.073127
-6.0,7,34.148541
-11.0,12,34.226473
-13.0,14,34.301017
10.0,12,34.370981
-15.0,16,34.453957
19.0,3,34.523518
15.0,7,34.604855
-2.0,24,34.68262
-4.0,5,34.75446
-1.0,23,34.833126
-2.0,3,34.903038
16.0,6,34.963231
-5.0,6,35.034677
7.0,15,35.100815
19.0,3,35.173592
16.0,6,35.249627
15.0,7,35.310508
7.0,15,35.377899
-12.0,13,35.447908
9.0,13,35.519336
-5.0,6,35.593788
-6.0,7,35.668309
-9.0,10,35.742948
-9.0,10,35.813451
14.0,8,35.875508
-4.0,5,35.944843
-11.0,12,36.015726
13.0,9,36.094249
19.0,3,36.167593
-14.0,36,36.253446
-2.0,3,36.320965
-13.0,14,36.391253
-3.0,4,36.458526
16.0,6,36.534965
-3.0,4,36.598354
-3.0,4,36.665738
-11.0,12,36.740574
-8.0,9,36.812259
-5.0,6,36.878133
-3.0,4,36.949405
15.0,7,37.027064
9.0,13,37.097765
-3.0,4,37.169922
-3.0,4,37.234159
-14.0,15,37.304429
4.0,18,37.373094
10.0,12,37.437832
-22.0,23,37.515374
17.0,5,37.575581
15.0,7,37.653581
10.0,12,37.734187
-12.0,13,37.810986
4.0,18,37.879881
-34.0,35,37.964793
4.0,18,38.038122
-7.0,8,38.112996
-2.0,3,38.174751
13.0,9,38.239915
12.0,10,38.313075
-3.0,4,38.383636
-24.0,25,38.459757
-1.0,23,38.533009
20.0,2,38.591047
17.0,5,38.650109
9.0,13,38.721894
-3.0,4,38.791839
8.0,14,38.857775
-4.0,5,38.930946
-6.0,7,39.002443
20.0,2,39.061765
0.0,22,39.134448
-6.0,7,39.199158
19.0,3,39.272823
16.0,6,39.350471
-2.0,3,39.417307
16.0,6,39.486728
-12.0,13,39.558204
-4.0,5,39.622611
-2.0,24,39.695881
16.0,6,39.75885
-3.0,4,39.823934
-9.0,10,39.892174
11.0,11,39.957771
-10.0,11,40.033572
16.0,6,40.097257
18.0,4,40.159497
-7.0,8,40.2326
-9.0,10,40.302785
1.0,21,40.372317
-33.0,34,40.457163
-6.0,7,40.542823
-5.0,6,40.61729
19.0,3,40.68154
-11.0,33,40.760994
-1.0,2,40.828642
4.0,18,40.901296
18.0,4,40.958388
-10.0,11,41.031899
18.0,4,41.089224
17.0,5,41.147007
-1.0,2,41.210844
8.0,14,41.285417
19.0,3,41.357451
12.0,10,41.425337
-6.0,7,41.494677
6.0,16,41.564827
15.0,7,41.625734
3.0,19,41.692081
17.0,5,41.758219
-26.0,27,41.83587
6.0,16,41.905509
12.0,10,41.969887
11.0,11,42.035319
16.0,6,42.108488
-2.0,3,42.170882
-5.0,6,42.239127
-13.0,14,42.310009
-18.0,19,42.39289
17.0,5,42.451481
16.0,6,42.510993
-9.0,10,42.580394
-1.0,23,42.65249
17.0,5,42.71385
-3.0,4,42.785254
-8.0,9,42.850645
2.0,20,42.91946
-8.0,9,42.993426
-23.0,24,43.068197
16.0,6,43.12874
10.0,12,43.19756
11.0,11,43.262356
5.0,17,43.331339
13.0,9,43.394038
-19.0,20,43.469099
12.0,10,43.535953
-15.0,16,43.609243
-6.0,7,43.678758
15.0,7,43.748986
-2.0,3,43.823391
6.0,16,43.893557
15.0,7,43.959068
-8.0,9,44.032091
2.0,20,44.103513
16.0,6,44.164153
-22.0,23,44.244882
17.0,5,44.31537
-2.0,24,44.390127
3.0,19,44.462735
-2.0,3,44.531779
20.0,2,44.594465
-8.0,9,44.669456
-18.0,19,44.741626
17.0,5,44.817122
17.0,5,44.891453
17.0,5,44.956743
16.0,6,45.031567
20.0,2,45.093697
20.0,2,45.167173
-10.0,11,45.239455
17.0,5,45.318342
20.0,2,45.380754
-3.0,4,45.455083
7.0,15,45.53743
-3.0,4,45.606054
-2.0,3,45.680125
18.0,4,45.746135
-11.0,12,45.823725
5.0,17,45.893342
-22.0,23,45.972729
14.0,8,46.038075
-12.0,13,46.117227
-5.0,6,46.186734
15.0,7,46.256282
-10.0,11,46.32653
-3.0,4,46.397428
-50.0,51,46.496309
15.0,7,46.57237
-7.0,8,46.646837
-5.0,6,46.722139
-2.0,3,46.793438
-14.0,15,46.87313
-19.0,20,46.953667
-4.0,5,47.031774
-5.0,6,47.102146
-12.0,13,47.178419
-13.0,14,47.260401
15.0,7,47.322179
2.0,20,47.39137
-2.0,3,47.45226
13.0,9,47.525157
16.0,6,47.590857
4.0,18,47.660686
4.0,18,47.730026
-5.0,6,47.799929
6.0,16,47.867089
-5.0,6,47.93518
-11.0,12,48.012843
13.0,9,48.086689
-3.0,4,48.159664
-11.0,12,48.235065
-12.0,13,48.312852
3.0,19,48.383544
-10.0,11,48.453884
-4.0,5,48.528129
17.0,5,48.607063
8.0,14,48.677809
-24.0,25,48.76802
8.0,14,48.842013
2.0,20,48.91604
-3.0,4,48.990274
-3.0,4,49.059593
-8.0,9,49.124932
2.0,20,49.194685
15.0,7,49.267246
13.0,9,49.355129
15.0,7,49.453478
-6.0,7,49.523385
19.0,3,49.58691
5.0,17,49.658274
-11.0,12,49.725288
11.0,11,49.78607
-16.0,17,49.859552
-3.0,4,49.930528
-4.0,5,50.003181
-9.0,10,50.069283
1.0,21,50.140869
4.0,18,50.207166
13.0,9,50.275384
-31.0,32,50.358572
-5.0,6,50.423555
-4.0,26,50.495787
18.0,4,50.554375
15.0,7,50.622555
7.0,15,50.693751
11.0,11,50.757934
-12.0,13,50.836343
-4.0,26,50.910909
-1.0,23,50.986644
-8.0,9,51.057893
17.0,5,51.132648
-15.0,16,51.202839
15.0,7,51.261543
13.0,9,51.32264
5.0,17,51.391924
16.0,6,51.448591
-8.0,30,51.524685
14.0,8,51.584405
16.0,6,51.645755
-4.0,26,51.719558
-11.0,12,51.792565
-15.0,16,51.862205
-2.0,3,51.932869
14.0,8,51.994022
-2.0,24,52.066184
13.0,9,52.127964
-5.0,6,52.190073
-7.0,8,52.256974
-18.0,19,52.337809
-6.0,7,52.40937
-12.0,34,52.488668
7.0,15,52.556395
17.0,5,52.624715
-7.0,29,52.703086
-9.0,10,52.774716
-11.0,12,52.843163
-3.0,4,52.905686
-14.0,15,52.978467
-11.0,12,53.052439
-14.0,15,53.129973
-10.0,11,53.207564
-3.0,4,53.277556
4.0,18,53.347187
-10.0,11,53.425654
-23.0,45,53.516865
-2.0,3,53.587967
8.0,14,53.65956
4.0,18,53.734426
9.0,13,53.801266
10.0,12,53.871162
-10.0,11,53.942577
-2.0,3,54.011903
-3.0,4,54.077661
4.0,18,54.149794
12.0,10,54.229835
12.0,10,54.296564
7.0,15,54.365559
14.0,8,54.428953
18.0,4,54.486559
6.0,16,54.550921
-12.0,13,54.62391
20.0,2,54.692821
12.0,10,54.75915
-11.0,12,54.826512
-17.0,39,54.908768
3.0,19,54.975915
-21.0,22,55.050985
-8.0,9,55.116887
-5.0,6,55.189528
-17.0,18,55.261486
-12.0,13,55.329324
-14.0,36,55.413151
-5.0,6,55.48701
-7.0,8,55.551272
10.0,12,55.614054
14.0,8,55.673545
14.0,8,55.739717
11.0,11,55.800897
10.0,12,55.864228
-11.0,12,55.938518
-2.0,24,56.010104
-4.0,26,56.085466
-38.0,39,56.171791
-13.0,14,56.240088
7.0,15,56.305222
-6.0,28,56.377043
-16.0,17,56.452565
9.0,13,56.521317
-2.0,3,56.581756
4.0,18,56.650453
-3.0,4,56.717191
18.0,4,56.780809
4.0,18,56.847387
-20.0,21,56.923513
3.0,19,56.99056
-14.0,36,57.069552
-16.0,17,57.142802
-16.0,17,57.21291
-10.0,11,57.279077
-7.0,8,57.343295
9.0,13,57.406733
-23.0,24,57.487787
-4.0,26,57.55981
1.0,21,57.629092
-15.0,16,57.701705
-11.0,12,57.767778
-10.0,32,57.845786
11.0,11,57.912401
12.0,10,57.974708
-13.0,14,58.049606
-17.0,39,58.13149
17.0,5,58.197161
17.0,5,58.255615
7.0,15,58.317935
-3.0,4,58.379961
11.0,11,58.448196
11.0,11,58.525326
-25.0,47,58.613914
-2.0,3,58.678073
18.0,4,58.749687
-6.0,7,58.8197
17.0,5,58.884228
-18.0,19,58.957631
-23.0,24,59.03448
-8.0,30,59.113981
12.0,10,59.184384
-5.0,6,59.255177
-9.0,10,59.320298
6.0,16,59.385042
-2.0,3,59.453427
-5.0,6,59.524349
18.0,4,59.581435
15.0,7,59.640957
11.0,11,59.709341
-17.0,18,59.780077
-21.0,22,59.866802
14.0,8,59.933198
17.0,5,60.004377
-8.0,9,60.076567
-5.0,6,60.144761
17.0,5,60.207531
-30.0,52,60.296759
-4.0,5,60.358414
-9.0,10,60.429463
5.0,17,60.494022
1.0,21,60.577502
-8.0,9,60.645429
-10.0,11,60.712525
16.0,6,60.778194
-10.0,11,60.851316
-14.0,15,60.920599
15.0,7,60.979084
18.0,4,61.042595
-4.0,5,61.109357
17.0,5,61.184066
11.0,11,61.256155
-2.0,24,61.328667
6.0,16,61.395394
-33.0,34,61.486304
-8.0,9,61.550976
11.0,11,61.613929
20.0,2,61.673769
-12.0,13,61.750763
8.0,14,61.814048
13.0,9,61.883756
12.0,10,61.945844
-11.0,12,62.017097
-16.0,38,62.103549
14.0,8,62.182286
-11.0,12,62.250704
19.0,3,62.31748
13.0,9,62.384161
20.0,2,62.440332
16.0,6,62.501288
13.0,9,62.569989
18.0,4,62.632801
9.0,13,62.695559
-2.0,3,62.758209
-2.0,3,62.823474
-19.0,20,62.90034
13.0,9,62.963922
-5.0,6,63.034984
-2.0,3,63.097271
-7.0,8,63.170474
-5.0,6,63.234294
2.0,20,63.309836
-20.0,42,63.39531
-5.0,6,63.458562
-1.0,23,63.534826
1.0,21,63.609998
-27.0,28,63.700031
3.0,19,63.778275
-20.0,21,63.918823
-4.0,5,64.010576
15.0,7,64.072203
-7.0,8,64.141833
-24.0,25,64.225474
18.0,4,64.300045
-12.0,13,64.372495
-15.0,16,64.456161
-4.0,5,64.528908
-3.0,4,64.601711
20.0,2,64.667772
-13.0,14,64.741303
15.0,7,64.80433
-3.0,4,64.868508
-2.0,3,64.942492
18.0,4,65.001381
19.0,3,65.063898
-6.0,7,65.133556
-3.0,4,65.202751
17.0,5,65.27578
-4.0,5,65.34734
19.0,3,65.40858
14.0,8,65.47596
-1.0,2,65.544441
-37.0,38,65.637698
15.0,7,65.705301
12.0,10,65.775867
17.0,5,65.840044
18.0,4,65.904303
-5.0,6,65.971207
-19.0,20,66.050209
18.0,4,66.114484
-14.0,15,66.185331
-17.0,18,66.257747
-1.0,2,66.31703
-11.0,33,66.395764
-6.0,7,66.470331
-25.0,26,66.550731
6.0,16,66.617226
5.0,17,66.68742
-7.0,8,66.752748
-8.0,9,66.824447
14.0,8,66.885327
-19.0,20,66.963809
-6.0,7,67.032619
2.0,20,67.101827
-2.0,3,67.16783
16.0,6,67.224935
-16.0,17,67.297089
9.0,13,67.363175
17.0,5,67.421196
-30.0,31,67.502824
8.0,14,67.568462
-11.0,12,67.637944
-5.0,6,67.703897
-20.0,21,67.779954
-6.0,28,67.858402
-1.0,2,67.918749
-9.0,10,67.993026
-5.0,27,68.068259
14.0,8,68.128526
-16.0,17,68.200744
-9.0,31,68.277751
-32.0,33,68.362494
-21.0,22,68.435784
14.0,8,68.495835
-6.0,7,68.560042
18.0,4,68.616306
-3.0,25,68.702688
-2.0,3,68.77001
-51.0,52,68.868303
-34.0,35,68.960839
-11.0,12,69.029319
-8.0,9,69.094651
-7.0,8,69.159812
-21.0,22,69.244805
10.0,12,69.318993
11.0,11,69.381626
-7.0,8,69.448423
19.0,3,69.506016
-9.0,10,69.576101
-11.0,12,69.646294
13.0,9,69.710495
9.0,13,69.781471
12.0,10,69.847881
-6.0,28,69.926371
9.0,13,69.994235
-1.0,23,70.06741
-3.0,4,70.140059
-3.0,4,70.207056
-6.0,7,70.278741
9.0,13,70.345511
15.0,7,70.418128
-28.0,29,70.501072
2.0,20,70.572167
13.0,9,70.632475
-5.0,6,70.698303
16.0,6,70.767854
-2.0,3,70.833525
18.0,4,70.890005
-13.0,14,70.966027
17.0,5,71.036773
19.0,3,71.097377
-12.0,13,71.165661
-17.0,18,71.244535
-2.0,3,71.307888
-1.0,2,71.374606
-13.0,14,71.450172
18.0,4,71.508031
-20.0,42,71.594367
-32.0,33,71.677825
13.0,9,71.740847
-22.0,23,71.819389
13.0,9,71.89157
-3.0,4,71.960837
-8.0,9,72.031753
-4.0,5,72.095088
1.0,21,72.17933
-2.0,24,72.255018
11.0,11,72.329436
20.0,2,72.400625
-10.0,32,72.51388
-14.0,15,72.583889
-16.0,17,72.655354
-6.0,7,72.723428
14.0,8,72.790562
-27.0,28,72.86929
9.0,13,72.933994
1.0,21,73.003705
13.0,9,73.064131
-15.0,16,73.135344
-7.0,8,73.206964
-7.0,8,73.272663
-9.0,10,73.344472
-6.0,7,73.406819
-25.0,26,73.486176
10.0,12,73.550073
5.0,17,73.61892
-18.0,19,73.697825
-1.0,23,73.785771
-7.0,8,73.851341
-23.0,24,73.928512
-4.0,5,73.99639
16.0,6,74.061035
12.0,10,74.13097
9.0,13,74.195481
19.0,3,74.259855
9.0,13,74.323701
-24.0,25,74.403357
-8.0,9,74.475672
8.0,14,74.538813
-9.0,10,74.613365
-3.0,4,74.686656
-3.0,4,74.74811
-11.0,12,74.824109
13.0,9,74.884279
20.0,2,74.945215
15.0,7,75.005975
-6.0,7,75.0789
-12.0,13,75.154809
-14.0,15,75.23159
13.0,9,75.306335
8.0,14,75.375202
-3.0,4,75.444355
-4.0,26,75.517
-11.0,33,75.595806
10.0,12,75.661121
-16.0,38,75.74447
-1.0,2,75.807723
-29.0,51,75.902179
15.0,7,75.962192
8.0,14,76.026999
-10.0,32,76.105038
-20.0,42,76.196714
12.0,10,76.264385
8.0,14,76.331908
6.0,16,76.399537
-9.0,10,76.465014
12.0,10,76.532875
14.0,8,76.592936
-35.0,36,76.678553
12.0,10,76.737811
-6.0,7,76.807337
-16.0,17,76.88101
-14.0,15,76.955099
-4.0,26,77.036508
-13.0,14,77.11145
-3.0,4,77.176971
6.0,16,77.246978
-22.0,23,77.329878
-13.0,14,77.405131
-5.0,6,77.469669
13.0,9,77.531399
-5.0,27,77.606376
-7.0,8,77.671834
-4.0,5,77.742557
-15.0,16,77.821596
14.0,8,77.887767
19.0,3,77.959377
-11.0,12,78.028278
-4.0,5,78.100116
18.0,4,78.165017
-24.0,46,78.257562
-13.0,35,78.346329
-4.0,5,78.416039
-8.0,9,78.481897
-20.0,42,78.572264
12.0,10,78.666718
-3.0,4,78.733458
20.0,2,78.802135
2.0,20,78.881159
-25.0,26,78.965701
-31.0,53,79.063235
5.0,17,79.131811
15.0,7,79.203385
14.0,8,79.26979
-14.0,15,79.348366
-2.0,3,79.417074
-6.0,7,79.487598
15.0,7,79.566108
-5.0,6,79.639944
10.0,12,79.722716
10.0,12,79.788724
-4.0,5,79.857641
-20.0,21,79.940238
-7.0,29,80.021035
-11.0,33,80.124126
-3.0,4,80.190982
4.0,18,80.262056
-5.0,6,80.330872
17.0,5,80.399461
-3.0,4,80.461966
-5.0,6,80.532473
-8.0,9,80.607322
-5.0,6,80.671175
-13.0,14,80.751983
-5.0,6,80.821945
-2.0,3,80.885959
-5.0,6,80.956396
-24.0,25,81.042914
-9.0,10,81.108552
-10.0,11,81.182866
7.0,15,81.25922
9.0,13,81.322461
11.0,11,81.392329
-7.0,8,81.466424
4.0,18,81.540926
-2.0,3,81.608386
-12.0,34,81.69161
6.0,16,81.75801
13.0,9,81.829971
13.0,9,81.895687
-30.0,31,81.988251
10.0,12,82.059345
-4.0,26,82.134374
7.0,15,82.207566
2.0,20,82.277141
-22.0,44,82.364625
-42.0,43,82.455981
-4.0,5,82.52409
11.0,11,82.587816
13.0,9,82.650896
-3.0,4,82.717814
-2.0,3,82.779684
-6.0,7,82.852125
-5.0,6,82.921637
14.0,8,82.986784
-21.0,43,83.072723
13.0,9,83.147727
-5.0,27,83.223583
-3.0,4,83.289998
8.0,14,83.361345
-2.0,3,83.423568
-11.0,12,83.494472
17.0,5,83.561974
13.0,9,83.630196
-3.0,4,83.70052
-7.0,29,83.782823
-25.0,26,83.866217
-2.0,3,83.927208
-12.0,13,84.001633
-3.0,4,84.068163
-6.0,7,84.136833
-9.0,10,84.211254
10.0,12,84.274689
-3.0,4,84.33572
-16.0,17,84.413947
-11.0,33,84.493074
-16.0,17,84.573317
-6.0,7,84.638936
7.0,15,84.704552
-10.0,11,84.770267
-6.0,7,84.835016
-4.0,5,84.901868
-54.0,55,85.003299
1.0,21,85.081781
-15.0,16,85.164174
-14.0,36,85.245174
-8.0,9,85.320529
-16.0,17,85.398739
-10.0,11,85.466823
9.0,13,85.541862
-16.0,38,85.628583
13.0,9,85.696667
-7.0,8,85.767949
-3.0,25,85.840708
7.0,15,85.92248
-31.0,32,86.00605
-6.0,7,86.077159
9.0,13,86.141969
5.0,17,86.215272
2.0,20,86.290299
-21.0,22,86.36999
-22.0,23,86.457135
17.0,5,86.5147
-11.0,12,86.591223
-7.0,8,86.662177
-5.0,6,86.731754
-4.0,5,86.801677
-12.0,13,86.870245
-14.0,15,86.94165
-4.0,26,87.022846
-28.0,29,87.10761
0.0,22,87.184438
-24.0,25,87.267985
-7.0,29,87.346063
-16.0,17,87.417947
-1.0,2,87.478928
18.0,4,87.54361
-2.0,3,87.608073
12.0,10,87.670206
-29.0,30,87.753916
-14.0,15,87.829687
-5.0,27,87.905009
-2.0,3,87.967563
-6.0,7,88.035346
6.0,16,88.112034
-9.0,10,88.184461
-2.0,3,88.246899
-15.0,16,88.324233
-19.0,20,88.408751
-28.0,29,88.49358
-4.0,5,88.562154
-4.0,5,88.629277
18.0,4,88.696702
-41.0,63,88.798753
-4.0,5,88.861714
-33.0,55,88.962235
4.0,18,89.0368
-5.0,6,89.10942
10.0,12,89.187396
19.0,3,89.243662
-10.0,11,89.317615
-18.0,19,89.399273
13.0,9,89.461967
-3.0,4,89.532794
-16.0,17,89.610083
-36.0,37,89.705863
10.0,12,89.777142
-17.0,39,89.863374
-5.0,27,89.938764
-34.0,35,90.024708
19.0,3,90.094719
6.0,16,90.167818
12.0,10,90.237747
-10.0,11,90.310927
-9.0,10,90.377719
8.0,14,90.443399
16.0,6,90.513162
-3.0,4,90.584589
-51.0,52,90.688691
-15.0,37,90.770232
-5.0,6,90.838805
-4.0,5,90.904781
-1.0,23,90.977826
-1.0,2,91.041388
7.0,15,91.107739
-11.0,12,91.175378
-10.0,11,91.249705
20.0,2,91.303389
-7.0,8,91.368569
13.0,9,91.428503
-7.0,29,91.515152
-39.0,40,91.60423
-1.0,23,91.689445
5.0,17,91.771286
8.0,14,91.83527
-14.0,15,91.904896
-14.0,15,91.976074
-3.0,25,92.055263
1.0,21,92.129505
-7.0,8,92.201729
17.0,5,92.259921
19.0,3,92.326958
16.0,6,92.39364
-8.0,9,92.463661
8.0,14,92.527095
16.0,6,92.587785
7.0,15,92.660012
-51.0,52,92.75908
17.0,5,92.817139
-8.0,9,92.884276
-12.0,13,92.955343
-39.0,40,93.054563
-19.0,20,93.138729
0.0,22,93.219022
8.0,14,93.286755
-10.0,11,93.366767
-13.0,14,93.447242
-13.0,14,93.520077
14.0,8,93.592775
17.0,5,93.667243
-16.0,17,93.745957
-24.0,46,93.842607
15.0,7,93.912833
20.0,2,93.984174
-25.0,26,94.074325
-25.0,26,94.154693
-27.0,28,94.242048
12.0,10,94.318494
-13.0,14,94.39304
-9.0,10,94.471395
-30.0,52,94.570551
-5.0,6,94.644403
-4.0,5,94.717255
-22.0,23,94.79633
-10.0,11,94.877146
13.0,9,94.94022
-25.0,47,95.037872
-10.0,11,95.108091
-11.0,12,95.180882
-3.0,4,95.249886
-63.0,85,95.370019
-9.0,10,95.440725
-3.0,25,95.525195
-7.0,8,95.597236
-15.0,16,95.700649
-1.0,23,95.774087
-13.0,35,95.854313
-28.0,29,95.943518
2.0,20,96.019063
-10.0,32,96.104459
-10.0,11,96.180533
-24.0,25,96.264203
16.0,6,96.32473
-17.0,18,96.400551
-10.0,11,96.467863
16.0,6,96.535314
7.0,15,96.620303
6.0,16,96.68925
-2.0,3,96.752976
7.0,15,96.824731
-3.0,4,96.88693
17.0,5,96.958806
-11.0,12,97.03217
-37.0,38,97.130197
-58.0,59,97.237534
15.0,7,97.303188
20.0,2,97.375144
15.0,7,97.443106
-9.0,10,97.516021
-4.0,5,97.579715
-3.0,25,97.655069
-7.0,8,97.737997
-29.0,30,97.867275
-5.0,6,97.933257
-1.0,2,97.992683
-22.0,44,98.083173
2.0,20,98.162954
-4.0,5,98.227478
-3.0,4,98.291112
-6.0,28,98.378257
18.0,4,98.443942
-9.0,10,98.520808
-18.0,40,98.610354
-12.0,13,98.679319
-11.0,33,98.776049
-14.0,15,98.852549
-9.0,10,98.927874
-5.0,6,98.99495
7.0,15,99.060922
-8.0,9,99.126079
5.0,17,99.20741
-17.0,18,99.289995
8.0,14,99.355471
-17.0,18,99.437273
20.0,2,99.506356
-6.0,7,99.581316
-9.0,10,99.655197
-1.0,2,99.714559
-4.0,26,99.789586
-3.0,4,99.857168
-44.0,66,99.963547
7.0,15,100.033215
-12.0,13,100.107033
19.0,3,100.17044
-29.0,51,100.264012
-7.0,8,100.334062
-1.0,2,100.397979
5.0,17,100.464352
-15.0,37,100.54856
-2.0,3,100.608324
-39.0,40,100.70322
-12.0,13,100.778234
11.0,11,100.841205
-2.0,3,100.907185
-11.0,12,100.975725
-5.0,6,101.047955
-14.0,15,101.119622
-8.0,30,101.202468
-3.0,4,101.268199
-3.0,4,101.335518
-14.0,15,101.412411
18.0,4,101.484014
-8.0,9,101.559106
-55.0,77,101.676579
-14.0,15,101.749488
-15.0,16,101.822217
-2.0,24,101.898813
-4.0,5,101.971124
-1.0,2,102.041022
17.0,5,102.105681
6.0,16,102.176471
18.0,4,102.236519
-3.0,25,102.308474
-13.0,35,102.391002
2.0,20,102.464226
-13.0,35,102.546422
-27.0,28,102.632345
-9.0,31,102.710587
-6.0,7,102.775017
-67.0,68,102.895063
-8.0,9,102.961568
-25.0,47,103.061801
-6.0,28,103.149812
14.0,8,103.210148
-20.0,21,103.285979
17.0,5,103.345731
-8.0,9,103.41523
-6.0,7,103.490073
-3.0,25,103.568836
-18.0,40,103.659856
0.0,22,103.743584
17.0,5,103.811245
8.0,14,103.877106
14.0,8,103.945649
-18.0,19,104.02638
-10.0,11,104.100859
-5.0,27,104.177617
-12.0,34,104.264507
-8.0,9,104.330527
6.0,16,104.398385
-24.0,25,104.480767
-9.0,10,104.548572
-28.0,29,104.636542
-7.0,8,104.708241
-12.0,34,104.791285
-42.0,43,104.883247
-6.0,7,104.94768
-40.0,41,105.038205
-11.0,12,105.107254
-5.0,6,105.177122
-9.0,10,105.25655
-1.0,2,105.320005
4.0,18,105.397862
13.0,9,105.475043
0.0,22,105.547427
-19.0,20,105.624757
-10.0,11,105.70366
-27.0,49,105.800016
-69.0,70,105.920177
-16.0,17,105.993138
-15.0,37,106.078255
-1.0,2,106.145727
-16.0,17,106.226662
-13.0,14,106.306175
-8.0,9,106.3826
-64.0,86,106.512601
-20.0,21,106.59251
-32.0,33,106.686105
16.0,6,106.747816
-5.0,6,106.817338
-13.0,14,106.892082
-13.0,14,106.972998
-2.0,24,107.053568
-27.0,28,107.14536
-26.0,27,107.230142
12.0,10,107.29671
7.0,15,107.379827
-13.0,14,107.452788
-10.0,11,107.525847
16.0,6,107.597271
-36.0,58,107.705762
-5.0,6,107.777712
7.0,15,107.856539
0.0,22,107.934263
-18.0,19,108.012683
-14.0,15,108.095596
-2.0,3,108.162735
-29.0,30,108.261205
-15.0,37,108.353786
13.0,9,108.418807
19.0,3,108.48816
11.0,11,108.565078
5.0,17,108.63953
-29.0,51,108.744174
3.0,19,108.818103
-15.0,37,108.907533
-1.0,23,108.982654
-2.0,3,109.045514
12.0,10,109.113383
-7.0,8,109.183819
-19.0,20,109.271392
7.0,15,109.342484
-6.0,7,109.413962
-26.0,27,109.495322
17.0,5,109.553563
-26.0,27,109.6362
-13.0,14,109.707393
1.0,21,109.783302
-31.0,32,109.869785
-6.0,7,109.940054
-16.0,17,110.0238
-39.0,61,110.131579
15.0,7,110.205918
-11.0,33,110.298001
-10.0,32,110.38516
-18.0,19,110.458483
-16.0,38,110.546773
-9.0,10,110.612048
20.0,2,110.681752
-50.0,51,110.792991
-34.0,35,110.876572
6.0,16,110.945734
10.0,12,111.00894
13.0,9,111.077693
-4.0,26,111.157955
11.0,11,111.222775
10.0,12,111.286027
3.0,19,111.357597
-9.0,10,111.424047
-5.0,6,111.489114
-24.0,25,111.56604
-1.0,2,111.631571
-9.0,10,111.70614
-39.0,61,111.811373
-12.0,13,111.884944
-14.0,36,111.969637
-8.0,30,112.04865
-108.0,109,112.195085
-17.0,18,112.275193
9.0,13,112.35497
-17.0,39,112.443367
-12.0,13,112.518795
8.0,14,112.584937
20.0,2,112.655983
-98.0,120,112.808361
5.0,17,112.887613
-26.0,27,112.970468
-44.0,66,113.083677
-16.0,17,113.158394
-5.0,6,113.222432
-5.0,6,113.288549
-30.0,31,113.371589
-15.0,37,113.462442
-14.0,36,113.549847
-15.0,16,113.624786
-23.0,24,113.715488
-3.0,4,113.78052
-29.0,51,113.889965
-4.0,5,113.956152
-8.0,9,114.025526
-9.0,10,114.103903
-9.0,10,114.174679
-6.0,28,114.253165
-9.0,10,114.321186
-47.0,69,114.445437
-13.0,35,114.539935
-20.0,21,114.629574
3.0,19,114.700608
-27.0,28,114.79105
-38.0,60,114.897834
-24.0,46,114.991405
-25.0,26,115.077055
-15.0,16,115.158628
0.0,22,115.237581
-4.0,5,115.306197
-2.0,24,115.381387
-32.0,54,115.485356
-20.0,21,115.56374
-9.0,10,115.63858
-17.0,18,115.715791
-7.0,8,115.787128
2.0,20,115.858182
7.0,15,115.933404
12.0,10,115.996815
-11.0,12,116.071625
20.0,2,116.144064
-55.0,56,116.252338
-12.0,13,116.332572
-3.0,4,116.4001
12.0,10,116.463961
-19.0,20,116.545442
-33.0,55,116.650658
-15.0,37,116.73737
-22.0,23,116.819079
-4.0,5,116.887175
-9.0,10,116.960593
-46.0,47,117.060436
-1.0,2,117.120508
-48.0,70,117.236299
-207.0,229,117.486096
-10.0,11,117.566452
-9.0,10,117.639202
-30.0,31,117.729696
-6.0,7,117.800292
2.0,20,117.87436
-36.0,37,117.964891
3.0,19,118.039901
-9.0,10,118.114729
-53.0,75,118.237895
5.0,17,118.321946
-41.0,42,118.42702
-22.0,23,118.510531
-41.0,63,118.625989
1.0,21,118.697812
-21.0,43,118.790133
6.0,16,118.862453
3.0,19,118.947329
12.0,10,119.017203
5.0,17,119.088727
-20.0,42,119.176794
-9.0,31,119.424327
-43.0,44,119.522766
-79.0,80,119.649632
-22.0,23,119.734157
0.0,22,119.806905
6.0,16,119.885164
19.0,3,119.948674
-47.0,69,120.058655
-22.0,44,120.152706
7.0,15,120.22031
-155.0,156,120.410806
-9.0,31,120.493508
-13.0,35,120.577334
-109.0,131,120.747879
-11.0,12,120.81814
-40.0,41,120.913247
6.0,16,120.988911
-13.0,14,121.063905
8.0,14,121.140187
-12.0,13,121.214267
13.0,9,121.282622
-10.0,32,121.365173
-6.0,28,121.453193
-52.0,74,121.573351
-4.0,5,121.645343
-9.0,10,121.711312
9.0,13,121.786199
-49.0,71,121.903946
4.0,18,121.989595
14.0,8,122.060203
-18.0,40,122.159969
-26.0,27,122.251975
-26.0,48,122.361163
-42.0,64,122.49026
-53.0,54,122.600298
-14.0,15,122.681829
1.0,21,122.755828
-24.0,46,122.849931
-13.0,14,122.926067
-97.0,119,123.090288
-68.0,69,123.204625
-4.0,26,123.280409
12.0,10,123.344619
-17.0,18,123.425821
-2.0,3,123.495191
-1.0,2,123.564878
-36.0,58,123.671893
-11.0,12,123.743411
-176.0,198,123.970491
-41.0,63,124.080864
-12.0,13,124.153033
-28.0,29,124.238453
-7.0,8,124.314488
-39.0,40,124.410738
-98.0,99,124.558178
-19.0,20,124.642165
-14.0,15,124.715866
-27.0,28,124.800793
-37.0,38,124.895525
-5.0,27,124.981082
-5.0,6,125.050996
-24.0,25,125.138948
-147.0,169,125.348968
-32.0,33,125.440795
8.0,14,125.508192
-53.0,54,125.617522
-26.0,48,125.714568
-42.0,64,125.827082
-24.0,46,125.926296
20.0,2,125.983733
-25.0,47,126.086615
14.0,8,126.153848
-82.0,83,126.286939
20.0,2,126.346095
-5.0,6,126.412073
-13.0,35,126.500091
-11.0,33,126.591323
-13.0,14,126.66508
-15.0,16,126.740206
16.0,6,126.801658
-10.0,11,126.876538
0.0,22,126.961122
-1.0,2,127.030983
19.0,3,127.093092
-5.0,27,127.182863
-7.0,8,127.259581
-41.0,63,127.381935
-30.0,31,127.476212
19.0,3,127.542691
19.0,3,127.608662
7.0,15,127.680337
-246.0,268,127.992429
-64.0,65,128.115282
-226.0,248,128.407063
15.0,7,128.471859
6.0,16,128.546156
-6.0,7,128.618659
-19.0,20,128.701776
-99.0,100,128.855191
-46.0,68,128.978737
-18.0,19,129.057481
-89.0,111,129.215253
16.0,6,129.279686
-30.0,52,129.381409
-23.0,45,129.477348
-118.0,119,129.647755
-95.0,117,129.808212
-64.0,86,129.94664
-10.0,11,130.017924
-3.0,4,130.082491
-104.0,105,130.237833
-112.0,134,130.413613
15.0,7,130.482084
19.0,3,130.550735
-134.0,135,130.735424
13.0,9,130.80174
-2.0,3,130.873158
-1.0,23,130.94782
-1.0,23,131.024226
-20.0,21,131.104153
-418.0,440,131.554781
-141.0,142,131.74774
-28.0,50,131.847354
-91.0,113,132.007077
-394.0,416,132.438118
-8.0,30,132.51864
-247.0,269,132.811084
-231.0,232,133.08181
-27.0,28,133.167374
-130.0,152,133.367452
-35.0,36,133.461242
-39.0,40,133.561438
-127.0,149,133.756353
-145.0,167,133.965249
