#{"t_start": 1717479418.4925284, "env_id": "None"}
r,l,t
-1.0,2,0.078701
-1.0,2,0.147564
-1.0,2,0.212906
20.0,2,0.2863
-1.0,2,0.355875
-1.0,2,0.428368
-1.0,2,0.498359
-1.0,2,0.570866
-1.0,2,0.638205
20.0,2,0.703241
-1.0,2,0.769676
20.0,2,0.839871
20.0,2,0.910152
20.0,2,0.984161
-1.0,2,1.056256
-1.0,2,1.123124
20.0,2,1.199485
-1.0,2,1.271633
-1.0,2,1.340105
-1.0,2,1.41197
-1.0,2,1.486254
-1.0,2,1.561866
20.0,2,1.627982
-1.0,2,1.701148
-1.0,2,1.77054
-1.0,2,1.836247
20.0,2,1.906735
-1.0,2,1.982378
-1.0,2,2.056553
-1.0,2,2.127006
-1.0,2,2.190686
20.0,2,2.261355
-1.0,2,2.328826
20.0,2,2.39396
20.0,2,2.454651
20.0,2,2.524956
-1.0,2,2.596953
-1.0,2,2.67053
-1.0,2,2.739821
20.0,2,2.81187
20.0,2,2.885053
20.0,2,2.962425
20.0,2,3.034683
-1.0,2,3.107589
20.0,2,3.173093
-1.0,2,3.238929
-1.0,2,3.305751
20.0,2,3.36739
-1.0,2,3.43924
20.0,2,3.510007
-1.0,2,3.578513
-1.0,2,3.647283
-1.0,2,3.714871
-1.0,2,3.776864
-1.0,2,3.844474
-1.0,2,3.915184
-1.0,2,3.985498
20.0,2,4.055874
-1.0,2,4.128371
20.0,2,4.199335
20.0,2,4.272109
20.0,2,4.347105
-1.0,2,4.420076
-1.0,2,4.493705
-1.0,2,4.560921
-1.0,2,4.628453
20.0,2,4.700314
20.0,2,4.760998
20.0,2,4.831051
-1.0,2,4.898221
-1.0,2,4.964936
-1.0,2,5.032748
20.0,2,5.103168
-1.0,2,5.166419
-1.0,2,5.241454
-1.0,2,5.310147
20.0,2,5.382162
-1.0,2,5.454257
20.0,2,5.52474
-1.0,2,5.593083
-1.0,2,5.662133
-1.0,2,5.726456
20.0,2,5.792762
-1.0,2,5.856703
20.0,2,5.92943
-1.0,2,5.998818
-1.0,2,6.070157
-1.0,2,6.134322
-1.0,2,6.201391
20.0,2,6.262277
-1.0,2,6.328137
-1.0,2,6.391121
-1.0,2,6.459421
-1.0,2,6.527575
-1.0,2,6.599613
-1.0,2,6.668086
-1.0,2,6.735569
-1.0,2,6.803221
-1.0,2,6.870001
-1.0,2,6.932575
20.0,2,7.007059
20.0,2,7.081946
-1.0,2,7.154482
20.0,2,7.22091
20.0,2,7.293425
-1.0,2,7.357242
-1.0,2,7.427954
-1.0,2,7.501157
-1.0,2,7.573063
-1.0,2,7.643932
-1.0,2,7.715827
-1.0,2,7.783444
-1.0,2,7.84738
20.0,2,7.92387
20.0,2,7.998155
-1.0,2,8.061782
-1.0,2,8.1292
-1.0,2,8.201192
-1.0,2,8.272317
20.0,2,8.342899
20.0,2,8.416945
-1.0,2,8.48041
-1.0,2,8.547272
-1.0,2,8.615092
-1.0,2,8.682912
-1.0,2,8.749823
-1.0,2,8.815722
20.0,2,8.880697
-1.0,2,8.953988
-1.0,2,9.020684
20.0,2,9.086298
-1.0,2,9.15382
20.0,2,9.228879
20.0,2,9.294069
-1.0,2,9.367124
-1.0,2,9.43617
-1.0,2,9.508018
-1.0,2,9.572045
-1.0,2,9.646281
20.0,2,9.707348
-1.0,2,9.774384
20.0,2,9.848863
-1.0,2,9.920856
-1.0,2,9.990329
-1.0,2,10.063998
-1.0,2,10.126265
20.0,2,10.19762
-1.0,2,10.266416
-1.0,2,10.334321
-1.0,2,10.401761
-1.0,2,10.476897
-1.0,2,10.546172
-1.0,2,10.616793
-1.0,2,10.68366
20.0,2,10.758098
-1.0,2,10.831489
-1.0,2,10.897235
-1.0,2,10.964608
-1.0,2,11.036852
-1.0,2,11.107819
-1.0,2,11.174451
-1.0,2,11.238747
20.0,2,11.311034
-1.0,2,11.381192
-1.0,2,11.456358
20.0,2,11.52135
-1.0,2,11.594596
-1.0,2,11.656804
-1.0,2,11.72521
20.0,2,11.796035
-1.0,2,11.86254
20.0,2,11.934877
-1.0,2,12.005084
-1.0,2,12.072928
-1.0,2,12.146206
-1.0,2,12.211133
20.0,2,12.272288
20.0,2,12.343367
-1.0,2,12.411023
-1.0,2,12.482399
-1.0,2,12.546625
-1.0,2,12.610727
20.0,2,12.684042
-1.0,2,12.749349
20.0,2,12.814549
-1.0,2,12.882369
-1.0,2,12.954989
20.0,2,13.03077
20.0,2,13.10247
20.0,2,13.172728
20.0,2,13.242873
-1.0,2,13.306205
20.0,2,13.377105
-1.0,2,13.450271
-1.0,2,13.524142
-1.0,2,13.589927
-1.0,2,13.658789
-1.0,2,13.733304
20.0,2,13.803906
20.0,2,13.864796
-1.0,2,13.935239
20.0,2,14.001154
20.0,2,14.073516
20.0,2,14.143921
-1.0,2,14.211986
-1.0,2,14.275663
-1.0,2,14.349332
-1.0,2,14.41866
-1.0,2,14.49005
20.0,2,14.562324
-1.0,2,14.632413
-1.0,2,14.697772
-1.0,2,14.769574
-1.0,2,14.841339
-1.0,2,14.913104
-1.0,2,14.980804
-1.0,2,15.052646
-1.0,2,15.119153
-1.0,2,15.18879
-1.0,2,15.2651
-1.0,2,15.335805
-1.0,2,15.406028
-1.0,2,15.479515
-1.0,2,15.549091
-1.0,2,15.613876
20.0,2,15.689122
20.0,2,15.760562
-1.0,2,15.830183
-1.0,2,15.899984
-1.0,2,15.972116
-1.0,2,16.043295
-1.0,2,16.114392
-1.0,2,16.185248
-1.0,2,16.252969
20.0,2,16.325725
-1.0,2,16.395221
-1.0,2,16.45993
20.0,2,16.532708
-1.0,2,16.608323
-1.0,2,16.676965
-1.0,2,16.747443
-1.0,2,16.818859
20.0,2,16.893869
-1.0,2,16.961871
20.0,2,17.034754
-1.0,2,17.10411
-1.0,2,17.175052
-1.0,2,17.240749
-1.0,2,17.313058
-1.0,2,17.375447
20.0,2,17.446222
20.0,2,17.51646
20.0,2,17.588115
-1.0,2,17.651479
-1.0,2,17.725694
20.0,2,17.797698
-1.0,2,17.864803
-1.0,2,17.931582
-1.0,2,17.995402
20.0,2,18.070284
-1.0,2,18.140782
-1.0,2,18.21459
-1.0,2,18.280324
20.0,2,18.346386
-1.0,2,18.410519
-1.0,2,18.478879
-1.0,2,18.54741
-1.0,2,18.620229
-1.0,2,18.691652
-1.0,2,18.759788
-1.0,2,18.834018
20.0,2,18.899492
-1.0,2,18.964915
-1.0,2,19.032661
-1.0,2,19.096539
20.0,2,19.167136
-1.0,2,19.232055
20.0,2,19.303089
-1.0,2,19.373274
-1.0,2,19.449217
-1.0,2,19.516896
-1.0,2,19.590537
-1.0,2,19.657181
20.0,2,19.727275
-1.0,2,19.794342
-1.0,2,19.864726
-1.0,2,19.932559
-1.0,2,19.994661
-1.0,2,20.063151
20.0,2,20.135871
20.0,2,20.206335
-1.0,2,20.278144
-1.0,2,20.343482
-1.0,2,20.41489
20.0,2,20.491879
-1.0,2,20.5632
20.0,2,20.633575
-1.0,2,20.699845
-1.0,2,20.767134
-1.0,2,20.832768
-1.0,2,20.900294
-1.0,2,20.965557
-1.0,2,21.036061
-1.0,2,21.104428
20.0,2,21.175019
-1.0,2,21.247092
-1.0,2,21.316
-1.0,2,21.379767
-1.0,2,21.446791
-1.0,2,21.519176
-1.0,2,21.583476
-1.0,2,21.647818
-1.0,2,21.720241
20.0,2,21.795402
-1.0,2,21.859488
-1.0,2,21.928466
-1.0,2,22.001338
-1.0,2,22.074293
20.0,2,22.146804
-1.0,2,22.215085
-1.0,2,22.287558
-1.0,2,22.355767
20.0,2,22.431791
20.0,2,22.496519
20.0,2,22.566535
-1.0,2,22.630015
-1.0,2,22.700639
-1.0,2,22.775766
20.0,2,22.8487
-1.0,2,22.915952
-1.0,2,22.988285
-1.0,2,23.055096
20.0,2,23.129175
20.0,2,23.199414
-1.0,2,23.266359
-1.0,2,23.342081
-1.0,2,23.410845
-1.0,2,23.486666
-1.0,2,23.557479
-1.0,2,23.622431
20.0,2,23.699725
-1.0,2,23.768056
-1.0,2,23.831902
-1.0,2,23.902634
20.0,2,23.978401
20.0,2,24.048483
-1.0,2,24.117617
20.0,2,24.190198
-1.0,2,24.257304
-1.0,2,24.325079
-1.0,2,24.391928
-1.0,2,24.455847
-1.0,2,24.519522
20.0,2,24.594887
20.0,2,24.668903
-1.0,2,24.739666
-1.0,2,24.80929
-1.0,2,24.88025
-1.0,2,24.95575
20.0,2,25.026756
20.0,2,25.097614
-1.0,2,25.161111
-1.0,2,25.234957
-1.0,2,25.29922
-1.0,2,25.362609
-1.0,2,25.428862
-1.0,2,25.502126
-1.0,2,25.655642
-1.0,2,25.729032
-1.0,2,25.796563
20.0,2,25.86755
-1.0,2,25.938285
20.0,2,26.014042
20.0,2,26.084626
-1.0,2,26.15098
-1.0,2,26.215032
-1.0,2,26.280991
-1.0,2,26.353512
-1.0,2,26.425124
-1.0,2,26.49836
-1.0,2,26.569352
-1.0,2,26.633969
20.0,2,26.710193
20.0,2,26.781453
-1.0,2,26.845454
-1.0,2,26.920015
-1.0,2,26.991437
-1.0,2,27.06387
-1.0,2,27.127985
-1.0,2,27.191854
-1.0,2,27.258875
-1.0,2,27.330471
-1.0,2,27.39993
-1.0,2,27.472622
-1.0,2,27.543647
20.0,2,27.609148
-1.0,2,27.677171
-1.0,2,27.746
-1.0,2,27.813899
-1.0,2,27.878816
-1.0,2,27.951073
20.0,2,28.022194
-1.0,2,28.097477
-1.0,2,28.169625
20.0,2,28.242044
-1.0,2,28.308647
-1.0,2,28.381947
-1.0,2,28.448597
-1.0,2,28.521825
-1.0,2,28.594135
-1.0,2,28.66682
-1.0,2,28.735482
20.0,2,28.806404
20.0,2,28.878256
-1.0,2,28.945524
-1.0,2,29.016228
-1.0,2,29.083009
-1.0,2,29.148824
20.0,2,29.223708
-1.0,2,29.293817
20.0,2,29.364068
-1.0,2,29.43531
-1.0,2,29.502493
-1.0,2,29.570067
-1.0,2,29.642437
20.0,2,29.70382
-1.0,2,29.775447
20.0,2,29.846286
-1.0,2,29.914379
-1.0,2,29.980916
20.0,2,30.051028
20.0,2,30.12129
-1.0,2,30.193111
20.0,2,30.263206
20.0,2,30.33314
-1.0,2,30.396272
20.0,2,30.466351
-1.0,2,30.532165
-1.0,2,30.60588
-1.0,2,30.672114
-1.0,2,30.735551
20.0,2,30.805753
-1.0,2,30.873424
20.0,2,30.944796
-1.0,2,31.018296
20.0,2,31.088979
20.0,2,31.164833
-1.0,2,31.228082
-1.0,2,31.294103
-1.0,2,31.36621
20.0,2,31.438594
20.0,2,31.509623
-1.0,2,31.582121
20.0,2,31.659032
-1.0,2,31.732668
-1.0,2,31.805169
-1.0,2,31.873942
20.0,2,31.938841
-1.0,2,32.008601
-1.0,2,32.075779
-1.0,2,32.151577
20.0,2,32.223555
-1.0,2,32.297072
-1.0,2,32.365168
-1.0,2,32.436822
-1.0,2,32.51253
-1.0,2,32.58127
-1.0,2,32.651762
-1.0,2,32.71551
-1.0,2,32.784056
-1.0,2,32.859859
-1.0,2,32.923734
-1.0,2,32.991677
-1.0,2,33.058414
-1.0,2,33.132318
20.0,2,33.20309
20.0,2,33.279339
-1.0,2,33.346605
-1.0,2,33.415262
-1.0,2,33.483383
-1.0,2,33.554362
-1.0,2,33.617699
-1.0,2,33.681066
20.0,2,33.752813
-1.0,2,33.820119
-1.0,2,33.891218
-1.0,2,33.96009
-1.0,2,34.023881
-1.0,2,34.094396
-1.0,2,34.166549
-1.0,2,34.231783
-1.0,2,34.293995
20.0,2,34.364685
-1.0,2,34.434923
-1.0,2,34.509165
-1.0,2,34.571461
-1.0,2,34.640257
-1.0,2,34.709124
-1.0,2,34.774811
20.0,2,34.839844
-1.0,2,34.903363
-1.0,2,34.97384
-1.0,2,35.04229
-1.0,2,35.109266
20.0,2,35.169758
20.0,2,35.239724
-1.0,2,35.305653
-1.0,2,35.371991
-1.0,2,35.446246
-1.0,2,35.509826
-1.0,2,35.576463
-1.0,2,35.647662
-1.0,2,35.71809
-1.0,2,35.791536
20.0,2,35.866549
-1.0,2,35.937131
-1.0,2,36.000552
-1.0,2,36.075675
-1.0,2,36.14414
-1.0,2,36.21106
-1.0,2,36.274762
20.0,2,36.348907
20.0,2,36.420011
20.0,2,36.480436
-1.0,2,36.552114
-1.0,2,36.622959
-1.0,2,36.689914
-1.0,2,36.756614
-1.0,2,36.827974
-1.0,2,36.900429
-1.0,2,36.966352
-1.0,2,37.035866
20.0,2,37.108896
-1.0,2,37.180277
20.0,2,37.241799
-1.0,2,37.310642
20.0,2,37.381833
20.0,2,37.443227
-1.0,2,37.51184
-1.0,2,37.579187
-1.0,2,37.643534
20.0,2,37.714354
20.0,2,37.780079
-1.0,2,37.84361
-1.0,2,37.909126
20.0,2,37.97968
-1.0,2,38.053197
-1.0,2,38.127092
20.0,2,38.20174
-1.0,2,38.268018
-1.0,2,38.335743
-1.0,2,38.400397
20.0,2,38.474963
20.0,2,38.547051
-1.0,2,38.620245
20.0,2,38.683491
-1.0,2,38.749768
-1.0,2,38.826407
-1.0,2,38.911252
-1.0,2,38.992136
20.0,2,39.058139
-1.0,2,39.122273
20.0,2,39.196961
-1.0,2,39.270033
-1.0,2,39.343353
20.0,2,39.404016
-1.0,2,39.472408
-1.0,2,39.537694
-1.0,2,39.609497
20.0,2,39.679882
-1.0,2,39.751136
20.0,2,39.811684
-1.0,2,39.881943
-1.0,2,39.955412
20.0,2,40.016011
-1.0,2,40.088933
-1.0,2,40.155523
-1.0,2,40.224055
-1.0,2,40.291145
-1.0,2,40.362026
-1.0,2,40.436977
20.0,2,40.507651
-1.0,2,40.579284
-1.0,2,40.647384
-1.0,2,40.714802
20.0,2,40.789231
20.0,2,40.859327
-1.0,2,40.922983
-1.0,2,40.996644
20.0,2,41.068816
-1.0,2,41.136175
-1.0,2,41.209767
20.0,2,41.282224
20.0,2,41.356105
20.0,2,41.429976
-1.0,2,41.500046
20.0,2,41.570482
-1.0,2,41.640745
20.0,2,41.712709
-1.0,2,41.783128
-1.0,2,41.850112
-1.0,2,41.922129
20.0,2,41.99627
-1.0,2,42.059459
20.0,2,42.124688
-1.0,2,42.188791
-1.0,2,42.260039
20.0,2,42.330585
-1.0,2,42.396876
-1.0,2,42.463587
-1.0,2,42.534153
20.0,2,42.60625
-1.0,2,42.677714
20.0,2,42.749764
-1.0,2,42.814929
-1.0,2,42.882435
-1.0,2,42.951001
-1.0,2,43.022982
-1.0,2,43.094986
-1.0,2,43.167317
-1.0,2,43.239573
-1.0,2,43.303318
20.0,2,43.373437
-1.0,2,43.440408
-1.0,2,43.510585
-1.0,2,43.574248
-1.0,2,43.644391
-1.0,2,43.71495
-1.0,2,43.788409
-1.0,2,43.860461
20.0,2,43.931141
-1.0,2,44.006056
20.0,2,44.076314
-1.0,2,44.146617
20.0,2,44.211644
-1.0,2,44.27829
-1.0,2,44.340639
20.0,2,44.41108
-1.0,2,44.475765
-1.0,2,44.547997
-1.0,2,44.614757
-1.0,2,44.676659
-1.0,2,44.743825
-1.0,2,44.816005
20.0,2,44.891754
-1.0,2,44.958694
-1.0,2,45.028967
20.0,2,45.104412
-1.0,2,45.170618
-1.0,2,45.234017
-1.0,2,45.30617
-1.0,2,45.379524
-1.0,2,45.448144
20.0,2,45.520235
-1.0,2,45.591785
-1.0,2,45.660099
-1.0,2,45.726657
-1.0,2,45.795048
-1.0,2,45.861519
20.0,2,45.922479
20.0,2,45.994408
-1.0,2,46.064505
20.0,2,46.129469
20.0,2,46.201097
-1.0,2,46.275022
-1.0,2,46.345461
-1.0,2,46.410788
-1.0,2,46.486448
-1.0,2,46.558619
-1.0,2,46.626072
-1.0,2,46.694083
-1.0,2,46.765425
20.0,2,46.838117
-1.0,2,46.902014
-1.0,2,46.975682
20.0,2,47.047817
-1.0,2,47.120035
-1.0,2,47.184179
20.0,2,47.25492
-1.0,2,47.321127
20.0,2,47.391431
-1.0,2,47.458206
-1.0,2,47.524619
-1.0,2,47.588042
-1.0,2,47.658662
-1.0,2,47.729788
-1.0,2,47.803386
-1.0,2,47.874025
-1.0,2,47.947347
20.0,2,48.019151
20.0,2,48.092899
20.0,2,48.166806
-1.0,2,48.229964
20.0,2,48.300183
20.0,2,48.370137
-1.0,2,48.43503
-1.0,2,48.50552
-1.0,2,48.57045
-1.0,2,48.642633
-1.0,2,48.706413
-1.0,2,48.779799
-1.0,2,48.846267
20.0,2,48.918231
-1.0,2,48.985228
-1.0,2,49.048814
-1.0,2,49.115178
-1.0,2,49.183701
20.0,2,49.254126
-1.0,2,49.327685
20.0,2,49.388312
-1.0,2,49.461376
-1.0,2,49.524936
20.0,2,49.595217
-1.0,2,49.658935
-1.0,2,49.733798
-1.0,2,49.801177
-1.0,2,49.867711
-1.0,2,49.9397
-1.0,2,50.001575
20.0,2,50.071843
-1.0,2,50.135311
20.0,2,50.212047
20.0,2,50.282277
-1.0,2,50.350934
-1.0,2,50.417921
-1.0,2,50.485625
-1.0,2,50.555935
20.0,2,50.628354
-1.0,2,50.69982
20.0,2,50.770036
-1.0,2,50.833976
-1.0,2,50.902084
-1.0,2,50.967251
-1.0,2,51.03093
-1.0,2,51.097589
-1.0,2,51.16599
20.0,2,51.236084
20.0,2,51.3077
20.0,2,51.372463
-1.0,2,51.435609
-1.0,2,51.502818
-1.0,2,51.569483
-1.0,2,51.638241
20.0,2,51.69902
-1.0,2,51.763734
20.0,2,51.834226
20.0,2,51.908062
-1.0,2,51.974871
-1.0,2,52.193501
-1.0,2,52.269809
-1.0,2,52.337102
-1.0,2,52.400591
-1.0,2,52.472853
-1.0,2,52.546135
-1.0,2,52.614866
-1.0,2,52.686624
20.0,2,52.758535
-1.0,2,52.828288
-1.0,2,52.89261
-1.0,2,52.963702
-1.0,2,53.034088
-1.0,2,53.09761
-1.0,2,53.159642
-1.0,2,53.226312
-1.0,2,53.300575
-1.0,2,53.371662
20.0,2,53.442373
20.0,2,53.517178
-1.0,2,53.587585
20.0,2,53.658448
-1.0,2,53.726082
-1.0,2,53.793266
-1.0,2,53.864171
-1.0,2,53.930713
-1.0,2,53.999113
-1.0,2,54.067776
-1.0,2,54.139262
-1.0,2,54.212776
-1.0,2,54.283182
-1.0,2,54.355338
-1.0,2,54.423794
-1.0,2,54.494109
20.0,2,54.56459
20.0,2,54.636066
-1.0,2,54.708259
-1.0,2,54.776542
-1.0,2,54.838488
20.0,2,54.899207
-1.0,2,54.972934
20.0,2,55.047859
-1.0,2,55.116037
-1.0,2,55.183679
-1.0,2,55.2586
20.0,2,55.329873
-1.0,2,55.393419
-1.0,2,55.461879
20.0,2,55.534183
-1.0,2,55.602251
20.0,2,55.672873
-1.0,2,55.742631
-1.0,2,55.810742
-1.0,2,55.881787
-1.0,2,55.943943
-1.0,2,56.010562
20.0,2,56.081177
20.0,2,56.151454
-1.0,2,56.221904
-1.0,2,56.294861
-1.0,2,56.36316
-1.0,2,56.438013
-1.0,2,56.500591
-1.0,2,56.571776
-1.0,2,56.645386
-1.0,2,56.712389
20.0,2,56.78453
20.0,2,56.858844
-1.0,2,56.930385
-1.0,2,57.002277
-1.0,2,57.069479
-1.0,2,57.134876
20.0,2,57.205743
-1.0,2,57.282082
20.0,2,57.352295
-1.0,2,57.420713
-1.0,2,57.494704
20.0,2,57.565224
20.0,2,57.63771
-1.0,2,57.704053
-1.0,2,57.770662
-1.0,2,57.837773
20.0,2,57.911809
-1.0,2,57.981695
-1.0,2,58.04979
-1.0,2,58.123283
20.0,2,58.194842
-1.0,2,58.267804
-1.0,2,58.338071
-1.0,2,58.406634
-1.0,2,58.477568
-1.0,2,58.544042
-1.0,2,58.616245
-1.0,2,58.686802
-1.0,2,58.759998
-1.0,2,58.831706
-1.0,2,58.903321
-1.0,2,58.977175
20.0,2,59.051996
20.0,2,59.123702
-1.0,2,59.195208
-1.0,2,59.270015
20.0,2,59.334895
-1.0,2,59.402101
-1.0,2,59.472573
-1.0,2,59.542379
-1.0,2,59.60766
-1.0,2,59.675539
-1.0,2,59.743887
20.0,2,59.8145
-1.0,2,59.876429
-1.0,2,59.940497
-1.0,2,60.013824
-1.0,2,60.080441
-1.0,2,60.148887
-1.0,2,60.215393
20.0,2,60.285893
-1.0,2,60.356014
-1.0,2,60.427996
20.0,2,60.498351
-1.0,2,60.561706
-1.0,2,60.628885
-1.0,2,60.697551
-1.0,2,60.764671
20.0,2,60.834938
-1.0,2,60.906317
20.0,2,60.978599
-1.0,2,61.046517
20.0,2,61.11674
-1.0,2,61.178526
-1.0,2,61.241973
-1.0,2,61.310024
-1.0,2,61.378176
-1.0,2,61.451598
-1.0,2,61.526055
20.0,2,61.601617
-1.0,2,61.665463
-1.0,2,61.732832
-1.0,2,61.801588
-1.0,2,61.869015
-1.0,2,61.931019
20.0,2,62.005042
-1.0,2,62.073354
-1.0,2,62.143493
20.0,2,62.217577
-1.0,2,62.288234
-1.0,2,62.355094
20.0,2,62.415822
-1.0,2,62.480961
-1.0,2,62.548257
20.0,2,62.618866
20.0,2,62.693071
-1.0,2,62.760372
-1.0,2,62.833152
20.0,2,62.904258
-1.0,2,62.975808
-1.0,2,63.043507
20.0,2,63.108285
-1.0,2,63.175753
-1.0,2,63.241195
20.0,2,63.30612
-1.0,2,63.367821
-1.0,2,63.43441
20.0,2,63.504768
-1.0,2,63.579394
20.0,2,63.644295
-1.0,2,63.707875
-1.0,2,63.781032
20.0,2,63.856894
20.0,2,63.921375
-1.0,2,63.985961
-1.0,2,64.056127
20.0,2,64.130823
-1.0,2,64.197614
20.0,2,64.268015
-1.0,2,64.338256
-1.0,2,64.411598
-1.0,2,64.478899
20.0,2,64.539478
-1.0,2,64.611084
20.0,2,64.686936
20.0,2,64.761935
-1.0,2,64.835754
-1.0,2,64.90428
-1.0,2,64.969451
20.0,2,65.039778
-1.0,2,65.110209
-1.0,2,65.183647
-1.0,2,65.245553
20.0,2,65.306437
-1.0,2,65.373363
-1.0,2,65.43707
-1.0,2,65.50786
20.0,2,65.568519
20.0,2,65.639191
-1.0,2,65.709728
20.0,2,65.770538
-1.0,2,65.841018
-1.0,2,65.913498
-1.0,2,65.980447
20.0,2,66.052554
20.0,2,66.112879
-1.0,2,66.183149
20.0,2,66.253644
20.0,2,66.323669
-1.0,2,66.392097
-1.0,2,66.465564
20.0,2,66.535855
-1.0,2,66.602036
20.0,2,66.672725
20.0,2,66.737402
20.0,2,66.807299
-1.0,2,66.875257
-1.0,2,66.941806
-1.0,2,67.003718
-1.0,2,67.071052
-1.0,2,67.145263
20.0,2,67.216267
-1.0,2,67.286293
-1.0,2,67.353405
20.0,2,67.428106
20.0,2,67.488281
-1.0,2,67.556436
20.0,2,67.631158
20.0,2,67.704973
-1.0,2,67.776212
-1.0,2,67.842745
20.0,2,67.912945
20.0,2,67.982771
20.0,2,68.052689
20.0,2,68.122586
-1.0,2,68.189103
-1.0,2,68.26231
-1.0,2,68.325783
-1.0,2,68.393597
-1.0,2,68.462497
-1.0,2,68.531331
-1.0,2,68.602515
20.0,2,68.677002
20.0,2,68.748874
-1.0,2,68.815475
-1.0,2,68.889489
-1.0,2,68.961352
-1.0,2,69.030084
-1.0,2,69.09587
-1.0,2,69.159501
20.0,2,69.224532
-1.0,2,69.294597
20.0,2,69.364943
-1.0,2,69.436765
20.0,2,69.510829
-1.0,2,69.581634
-1.0,2,69.651767
-1.0,2,69.723578
-1.0,2,69.796757
-1.0,2,69.86855
-1.0,2,69.9352
-1.0,2,69.998937
-1.0,2,70.067109
20.0,2,70.137198
20.0,2,70.207296
-1.0,2,70.280915
-1.0,2,70.351239
-1.0,2,70.41852
20.0,2,70.490001
20.0,2,70.56155
-1.0,2,70.631484
-1.0,2,70.693427
-1.0,2,70.761703
20.0,2,70.831891
20.0,2,70.901824
-1.0,2,70.974807
-1.0,2,71.047053
-1.0,2,71.113635
-1.0,2,71.182421
-1.0,2,71.250428
-1.0,2,72.433871
-1.0,2,72.500609
-1.0,2,72.576452
20.0,2,72.648437
-1.0,2,72.718881
-1.0,2,72.78262
-1.0,2,72.85159
20.0,2,72.922054
20.0,2,72.992298
-1.0,2,73.065267
-1.0,2,73.131795
-1.0,2,73.204716
20.0,2,73.275016
20.0,2,73.344888
-1.0,2,73.411915
20.0,2,73.482192
-1.0,2,73.550333
20.0,2,73.610968
-1.0,2,73.675963
20.0,2,73.736528
20.0,2,73.808367
-1.0,2,73.871372
-1.0,2,73.939477
-1.0,2,74.00494
20.0,2,74.075766
-1.0,2,74.144143
20.0,2,74.218729
-1.0,2,74.282522
-1.0,2,74.349602
-1.0,2,74.425171
-1.0,2,74.489127
-1.0,2,74.557826
-1.0,2,74.626845
-1.0,2,74.694292
-1.0,2,74.758418
-1.0,2,74.832229
-1.0,2,74.898936
-1.0,2,74.960956
-1.0,2,75.028147
20.0,2,75.100101
-1.0,2,75.17397
-1.0,2,75.241601
-1.0,2,75.30876
20.0,2,75.380662
-1.0,2,75.447612
-1.0,2,75.509687
-1.0,2,75.58011
-1.0,2,75.643558
-1.0,2,75.707413
-1.0,2,75.77583
-1.0,2,75.842731
-1.0,2,75.911495
-1.0,2,75.979046
-1.0,2,76.049389
-1.0,2,76.121808
-1.0,2,76.183941
20.0,2,76.257884
20.0,2,76.331541
20.0,2,76.401352
20.0,2,76.471313
-1.0,2,76.541132
-1.0,2,76.609732
-1.0,2,76.677229
-1.0,2,76.739228
-1.0,2,76.809838
-1.0,2,76.874949
20.0,2,76.949158
20.0,2,77.020634
20.0,2,77.09067
-1.0,2,77.159288
20.0,2,77.234151
-1.0,2,77.309893
20.0,2,77.380805
-1.0,2,77.450961
-1.0,2,77.522969
-1.0,2,77.598432
-1.0,2,77.662483
20.0,2,77.733237
-1.0,2,77.806383
-1.0,2,77.874878
-1.0,2,77.945464
-1.0,2,78.018778
-1.0,2,78.082222
20.0,2,78.152632
20.0,2,78.226383
-1.0,2,78.293262
-1.0,2,78.365257
-1.0,2,78.437311
-1.0,2,78.500755
-1.0,2,78.567176
-1.0,2,78.63567
-1.0,2,78.699471
-1.0,2,78.766389
-1.0,2,78.83502
-1.0,2,78.903476
20.0,2,78.974008
-1.0,2,79.037175
-1.0,2,79.09931
-1.0,2,79.165985
20.0,2,79.236385
-1.0,2,79.311453
20.0,2,79.376296
20.0,2,79.446835
-1.0,2,79.521839
-1.0,2,79.595418
-1.0,2,79.661617
-1.0,2,79.732354
-1.0,2,79.800972
-1.0,2,79.876651
-1.0,2,79.940396
-1.0,2,80.007401
-1.0,2,80.079763
-1.0,2,80.146878
20.0,2,80.218536
20.0,2,80.284771
-1.0,2,80.358232
-1.0,2,80.424886
20.0,2,80.498007
-1.0,2,80.562842
-1.0,2,80.627223
20.0,2,80.68803
20.0,2,80.758216
-1.0,2,80.828478
-1.0,2,80.898935
-1.0,2,80.972026
-1.0,2,81.0425
-1.0,2,81.111224
-1.0,2,81.178086
-1.0,2,81.25335
-1.0,2,81.321363
-1.0,2,81.391636
-1.0,2,81.462704
20.0,2,81.533027
-1.0,2,81.603099
-1.0,2,81.667218
-1.0,2,81.738662
20.0,2,81.809499
-1.0,2,81.885234
-1.0,2,81.954122
20.0,2,82.024474
20.0,2,82.099828
-1.0,2,82.164791
-1.0,2,82.23157
20.0,2,82.302068
-1.0,2,82.374905
-1.0,2,82.442227
-1.0,2,82.514126
-1.0,2,82.589571
-1.0,2,82.664439
-1.0,2,82.732587
-1.0,2,82.797285
-1.0,2,82.875716
-1.0,2,82.939492
-1.0,2,83.010841
-1.0,2,83.083234
-1.0,2,83.153538
-1.0,2,83.216692
-1.0,2,83.283464
-1.0,2,83.35336
20.0,2,83.431194
-1.0,2,83.500238
-1.0,2,83.57259
20.0,2,83.634225
-1.0,2,83.707289
-1.0,2,83.769877
-1.0,2,83.843796
-1.0,2,83.915313
20.0,2,83.976243
-1.0,2,84.049601
20.0,2,84.120784
-1.0,2,84.189782
-1.0,2,84.254142
-1.0,2,84.32058
-1.0,2,84.39092
20.0,2,84.453157
-1.0,2,84.523854
-1.0,2,84.597802
20.0,2,84.668603
-1.0,2,84.74095
-1.0,2,84.810378
20.0,2,84.877555
-1.0,2,84.950054
20.0,2,85.017844
-1.0,2,85.087199
-1.0,2,85.152997
-1.0,2,85.221344
20.0,2,85.292674
-1.0,2,85.365912
-1.0,2,85.441052
-1.0,2,85.505277
-1.0,2,85.575614
-1.0,2,85.639172
20.0,2,85.710046
-1.0,2,85.776069
20.0,2,85.848002
-1.0,2,85.92071
-1.0,2,85.992985
-1.0,2,86.062742
20.0,2,86.134583
-1.0,2,86.208162
20.0,2,86.285562
-1.0,2,86.359532
-1.0,2,86.427361
-1.0,2,86.498254
-1.0,2,86.564686
-1.0,2,86.634379
-1.0,2,86.706241
-1.0,2,86.771816
20.0,2,86.845725
-1.0,2,86.922771
20.0,2,86.994615
-1.0,2,87.061495
-1.0,2,87.134033
20.0,2,87.195304
-1.0,2,87.264315
-1.0,2,87.334514
-1.0,2,87.405118
-1.0,2,87.469306
-1.0,2,87.53424
20.0,2,87.609853
-1.0,2,87.681333
-1.0,2,87.752861
-1.0,2,87.824843
-1.0,2,87.893286
-1.0,2,87.963942
-1.0,2,88.027845
-1.0,2,88.09745
20.0,2,88.173993
-1.0,2,88.249443
20.0,2,88.321245
-1.0,2,88.388795
-1.0,2,88.459045
-1.0,2,88.531535
-1.0,2,88.60504
-1.0,2,88.67519
20.0,2,88.752212
-1.0,2,88.820924
20.0,2,88.898788
-1.0,2,88.965419
-1.0,2,89.038178
20.0,2,89.113662
-1.0,2,89.181915
-1.0,2,89.247086
-1.0,2,89.323029
-1.0,2,89.398207
20.0,2,89.47101
20.0,2,89.544277
-1.0,2,89.611825
-1.0,2,89.683097
-1.0,2,89.758263
-1.0,2,89.829522
-1.0,2,89.89896
-1.0,2,89.964684
-1.0,2,90.03914
-1.0,2,90.110415
-1.0,2,90.181442
20.0,2,90.252404
-1.0,2,90.328408
-1.0,2,90.401959
-1.0,2,90.474881
-1.0,2,90.540106
-1.0,2,90.614975
-1.0,2,90.685457
-1.0,2,90.759292
-1.0,2,90.829167
-1.0,2,90.900172
20.0,2,90.977384
-1.0,2,91.041935
-1.0,2,91.112097
-1.0,2,91.186425
-1.0,2,91.259427
-1.0,2,91.325536
-1.0,2,91.388524
20.0,2,91.460778
-1.0,2,91.52544
-1.0,2,91.599705
-1.0,2,91.663208
-1.0,2,91.73964
-1.0,2,91.812444
-1.0,2,91.885671
-1.0,2,91.957521
20.0,2,92.024208
-1.0,2,92.092188
20.0,2,92.166068
-1.0,2,92.229892
20.0,2,92.307508
-1.0,2,92.376411
-1.0,2,92.44737
-1.0,2,92.517495
-1.0,2,92.587686
20.0,2,92.650467
-1.0,2,92.715395
-1.0,2,92.784682
-1.0,2,92.85858
-1.0,2,92.932501
-1.0,2,92.997777
20.0,2,93.064482
20.0,2,93.140078
-1.0,2,93.213027
20.0,2,93.279145
-1.0,2,93.343949
-1.0,2,93.418666
-1.0,2,93.487564
-1.0,2,93.561523
-1.0,2,93.633182
20.0,2,93.704554
-1.0,2,93.771018
-1.0,2,93.837519
-1.0,2,93.90246
20.0,2,93.968359
-1.0,2,94.033614
-1.0,2,94.110542
-1.0,2,94.175057
20.0,2,94.236319
20.0,2,94.311112
-1.0,2,94.385377
-1.0,2,94.45935
-1.0,2,94.528771
-1.0,2,94.5937
-1.0,2,94.662214
20.0,2,94.734486
-1.0,2,94.803287
20.0,2,94.875325
-1.0,2,94.949742
-1.0,2,95.013845
20.0,2,95.088138
-1.0,2,95.156404
-1.0,2,95.225404
-1.0,2,95.302525
20.0,2,95.374779
20.0,2,95.448593
-1.0,2,95.513638
-1.0,2,95.579077
-1.0,2,95.647488
-1.0,2,95.721127
-1.0,2,95.796842
-1.0,2,95.870525
-1.0,2,95.947057
-1.0,2,96.017366
-1.0,2,96.087082
20.0,2,96.15863
20.0,2,96.229761
20.0,2,96.297362
-1.0,2,96.371369
-1.0,2,96.438592
-1.0,2,96.500978
-1.0,2,96.574652
-1.0,2,96.641646
-1.0,2,96.71056
-1.0,2,96.778379
-1.0,2,96.847538
-1.0,2,96.915338
20.0,2,96.980557
-1.0,2,97.042379
-1.0,2,97.110206
20.0,2,97.180957
20.0,2,97.255576
20.0,2,97.329981
-1.0,2,97.397869
-1.0,2,97.469752
20.0,2,97.541355
-1.0,2,97.609452
20.0,2,97.686549
-1.0,2,97.757922
-1.0,2,97.82357
-1.0,2,97.893145
20.0,2,97.967892
-1.0,2,98.031565
-1.0,2,98.102621
-1.0,2,98.175527
-1.0,2,98.248413
-1.0,2,98.31064
20.0,2,98.385164
-1.0,2,98.455777
-1.0,2,98.521451
-1.0,2,98.583766
-1.0,2,98.647962
20.0,2,98.747597
20.0,2,98.82404
-1.0,2,98.900474
-1.0,2,98.970043
-1.0,2,99.034296
-1.0,2,99.103732
20.0,2,99.181321
-1.0,2,99.25258
-1.0,2,99.317672
-1.0,2,99.395369
-1.0,2,99.466397
-1.0,2,99.541647
-1.0,2,99.6111
-1.0,2,99.681256
-1.0,2,99.754142
-1.0,2,99.826505
-1.0,2,99.902625
20.0,2,99.979699
-1.0,2,100.050097
20.0,2,100.122767
-1.0,2,100.200195
-1.0,2,100.269647
-1.0,2,100.340742
20.0,2,100.419441
-1.0,2,100.485428
-1.0,2,100.551374
-1.0,2,100.62781
-1.0,2,100.702977
20.0,2,100.781699
-1.0,2,100.849674
20.0,2,100.921077
20.0,2,100.981735
20.0,2,101.042518
-1.0,2,101.114357
-1.0,2,101.182865
-1.0,2,101.25117
-1.0,2,101.319272
-1.0,2,101.387375
-1.0,2,101.463155
20.0,2,101.537377
-1.0,2,101.609169
-1.0,2,101.681608
-1.0,2,101.752134
-1.0,2,101.820803
-1.0,2,101.888035
-1.0,2,101.960433
-1.0,2,102.027201
-1.0,2,102.098354
-1.0,2,102.169202
-1.0,2,102.233207
-1.0,2,102.306915
20.0,2,102.379316
-1.0,2,102.444598
20.0,2,102.519517
-1.0,2,102.591088
-1.0,2,102.656472
20.0,2,102.727126
-1.0,2,102.798892
-1.0,2,102.866256
20.0,2,102.937023
-1.0,2,103.003422
-1.0,2,103.073933
-1.0,2,103.144666
20.0,2,103.215442
20.0,2,103.285756
20.0,2,103.355858
-1.0,2,103.426513
20.0,2,103.500848
-1.0,2,103.567292
-1.0,2,103.635117
-1.0,2,103.704219
-1.0,2,103.771721
20.0,2,103.845918
-1.0,2,103.913217
-1.0,2,103.979291
20.0,2,104.051868
-1.0,2,104.122123
-1.0,2,104.194829
-1.0,2,104.268418
20.0,2,104.340454
-1.0,2,104.408856
-1.0,2,104.475575
20.0,2,104.549794
-1.0,2,104.616585
-1.0,2,104.684094
-1.0,2,104.748122
-1.0,2,104.817069
-1.0,2,104.891239
-1.0,2,104.960045
20.0,2,105.034203
20.0,2,105.099052
-1.0,2,105.169117
-1.0,2,105.236546
-1.0,2,105.307503
20.0,2,105.382505
-1.0,2,105.452495
-1.0,2,105.521825
-1.0,2,105.587053
-1.0,2,105.657478
-1.0,2,105.726629
-1.0,2,105.797879
-1.0,2,105.870229
20.0,2,105.944813
20.0,2,106.011675
-1.0,2,106.088726
20.0,2,106.164599
-1.0,2,106.237988
-1.0,2,106.307766
-1.0,2,106.376944
20.0,2,106.452998
20.0,2,106.524923
20.0,2,106.596791
-1.0,2,106.671644
20.0,2,106.743347
20.0,2,106.815104
20.0,2,106.877523
-1.0,2,106.947351
20.0,2,107.019453
-1.0,2,107.088409
-1.0,2,107.158361
-1.0,2,107.228745
-1.0,2,107.29859
-1.0,2,107.372364
-1.0,2,107.443584
-1.0,2,107.516425
20.0,2,107.588275
20.0,2,107.661515
-1.0,2,107.734751
-1.0,2,107.808981
20.0,2,107.88499
-1.0,2,107.956228
20.0,2,108.027717
-1.0,2,108.10173
-1.0,2,108.179264
-1.0,2,108.246938
-1.0,2,108.316965
-1.0,2,108.38624
-1.0,2,108.454754
-1.0,2,108.524535
-1.0,2,108.597271
20.0,2,108.669219
20.0,2,108.742175
-1.0,2,108.81215
-1.0,2,108.883631
-1.0,2,108.956326
-1.0,2,109.020927
-1.0,2,109.094115
-1.0,2,109.158696
-1.0,2,109.228606
-1.0,2,109.293511
-1.0,2,109.365106
-1.0,2,109.436011
20.0,2,109.507979
20.0,2,109.579176
20.0,2,109.654025
-1.0,2,109.723635
20.0,2,109.801119
-1.0,2,109.875541
-1.0,2,109.943325
-1.0,2,110.015728
-1.0,2,110.082701
-1.0,2,110.156733
20.0,2,110.233036
-1.0,2,110.30733
20.0,2,110.378843
20.0,2,110.450146
20.0,2,110.521956
-1.0,2,110.596145
-1.0,2,110.662301
-1.0,2,110.732713
-1.0,2,110.797194
-1.0,2,110.869082
-1.0,2,110.934365
-1.0,2,111.008809
-1.0,2,111.076964
20.0,2,111.151814
-1.0,2,111.220001
-1.0,2,111.28428
20.0,2,111.357991
20.0,2,111.430334
-1.0,2,111.499261
-1.0,2,111.564385
-1.0,2,111.638756
20.0,2,111.711436
-1.0,2,111.780713
-1.0,2,111.85363
-1.0,2,111.920212
-1.0,2,111.99033
-1.0,2,112.05727
20.0,2,112.123284
-1.0,2,112.188872
-1.0,2,112.254408
20.0,2,112.326241
-1.0,2,112.396827
20.0,2,112.467737
-1.0,2,112.533051
-1.0,2,112.601485
-1.0,2,112.67244
-1.0,2,112.739976
20.0,2,112.805111
-1.0,2,112.873574
-1.0,2,112.94475
-1.0,2,113.008778
20.0,2,113.079475
20.0,2,113.149631
20.0,2,113.219889
-1.0,2,113.29419
-1.0,2,113.365289
20.0,2,113.437456
20.0,2,113.508412
-1.0,2,113.579767
20.0,2,113.654064
-1.0,2,113.721191
-1.0,2,113.790546
-1.0,2,113.864998
-1.0,2,113.933798
-1.0,2,114.002713
20.0,2,114.078565
20.0,2,114.148545
-1.0,2,114.217144
-1.0,2,114.285594
-1.0,2,114.349209
-1.0,2,114.415179
-1.0,2,114.484702
20.0,2,114.556986
20.0,2,114.621458
-1.0,2,114.688711
-1.0,2,114.755603
-1.0,2,114.828197
-1.0,2,114.895753
20.0,2,114.957012
-1.0,2,115.024562
20.0,2,115.098684
-1.0,2,115.172445
-1.0,2,115.236955
-1.0,2,115.310864
20.0,2,115.381516
20.0,2,115.442928
-1.0,2,115.505553
20.0,2,115.575991
20.0,2,115.645984
20.0,2,115.716046
20.0,2,115.786184
-1.0,2,115.856435
20.0,2,115.930794
20.0,2,116.001766
-1.0,2,116.065535
20.0,2,116.130885
-1.0,2,116.19991
-1.0,2,116.272592
-1.0,2,116.341316
20.0,2,116.412546
-1.0,2,116.480401
-1.0,2,116.551877
-1.0,2,116.619855
-1.0,2,116.693792
-1.0,2,116.767413
-1.0,2,116.831378
-1.0,2,116.903759
-1.0,2,116.968289
20.0,2,117.038396
20.0,2,117.110015
-1.0,2,117.180941
20.0,2,117.252865
-1.0,2,117.317596
20.0,2,117.382466
-1.0,2,117.454789
20.0,2,117.529093
-1.0,2,117.594571
-1.0,2,117.663217
20.0,2,117.733742
-1.0,2,117.799122
20.0,2,117.875613
-1.0,2,117.939501
-1.0,2,118.013386
-1.0,2,118.080496
-1.0,2,118.156591
-1.0,2,118.227031
20.0,2,118.299049
-1.0,2,118.366501
-1.0,2,118.435702
-1.0,2,118.506816
-1.0,2,118.570369
-1.0,2,118.644513
-1.0,2,118.708097
-1.0,2,118.774596
-1.0,2,118.846859
-1.0,2,118.910779
-1.0,2,118.986823
-1.0,2,119.057791
-1.0,2,119.129887
20.0,2,119.195078
20.0,2,119.265206
20.0,2,119.335209
-1.0,2,119.402703
-1.0,2,119.475929
-1.0,2,119.551831
20.0,2,119.625362
-1.0,2,119.695065
20.0,2,119.758191
-1.0,2,119.82273
-1.0,2,119.894018
-1.0,2,119.966195
20.0,2,120.036628
-1.0,2,120.108424
-1.0,2,120.180819
20.0,2,120.252766
20.0,2,120.31756
20.0,2,120.393049
-1.0,2,120.461333
20.0,2,120.526469
-1.0,2,120.597835
-1.0,2,120.670324
-1.0,2,120.738081
20.0,2,120.809609
-1.0,2,120.880206
-1.0,2,120.947566
-1.0,2,121.012106
-1.0,2,121.079989
-1.0,2,121.147501
-1.0,2,121.220104
-1.0,2,121.287534
20.0,2,121.358334
20.0,2,121.419118
20.0,2,121.495054
-1.0,2,121.558421
20.0,2,121.629558
20.0,2,121.703826
20.0,2,121.768803
-1.0,2,121.836242
20.0,2,121.908455
-1.0,2,121.972849
-1.0,2,122.048657
-1.0,2,122.116857
-1.0,2,122.191925
-1.0,2,122.262998
-1.0,2,122.333399
-1.0,2,122.403144
-1.0,2,122.476151
-1.0,2,122.548759
-1.0,2,122.616455
20.0,2,122.687889
20.0,2,122.760604
-1.0,2,122.824641
20.0,2,122.896142
20.0,2,122.972193
-1.0,2,123.042335
-1.0,2,123.113769
-1.0,2,123.187522
20.0,2,123.257867
-1.0,2,123.331402
20.0,2,123.40372
20.0,2,123.477047
-1.0,2,123.545141
-1.0,2,123.616624
20.0,2,123.688259
-1.0,2,123.759799
-1.0,2,123.825061
-1.0,2,123.899203
-1.0,2,123.970739
-1.0,2,124.039957
-1.0,2,124.104103
-1.0,2,124.178646
-1.0,2,124.247971
-1.0,2,124.313372
20.0,2,124.384256
-1.0,2,124.446558
-1.0,2,124.518697
-1.0,2,124.586199
20.0,2,124.656733
-1.0,2,124.726849
-1.0,2,124.790583
-1.0,2,124.86644
20.0,2,124.937198
-1.0,2,125.004451
20.0,2,125.077848
20.0,2,125.148791
20.0,2,125.219359
-1.0,2,125.291817
-1.0,2,125.356541
-1.0,2,125.421789
-1.0,2,125.496023
-1.0,2,125.563569
-1.0,2,125.635408
-1.0,2,125.709764
-1.0,2,125.780317
-1.0,2,125.847443
-1.0,2,125.917696
-1.0,2,125.981758
-1.0,2,126.053875
-1.0,2,126.121241
-1.0,2,126.191593
20.0,2,126.266299
-1.0,2,126.329789
-1.0,2,126.393497
20.0,2,126.46858
-1.0,2,126.53649
-1.0,2,126.606169
-1.0,2,126.677134
-1.0,2,126.745
20.0,2,126.817251
20.0,2,126.883033
-1.0,2,126.947198
-1.0,2,127.016745
20.0,2,127.087394
-1.0,2,127.156032
20.0,2,127.230784
-1.0,2,127.302082
-1.0,2,127.367398
-1.0,2,127.438881
-1.0,2,127.502599
-1.0,2,127.566294
20.0,2,127.636475
-1.0,2,127.70129
-1.0,2,127.763271
-1.0,2,127.827795
-1.0,2,127.89809
-1.0,2,127.964392
-1.0,2,128.033011
-1.0,2,128.101597
-1.0,2,128.168849
-1.0,2,128.233018
-1.0,2,128.307159
-1.0,2,128.37723
20.0,2,128.449838
-1.0,2,128.522559
-1.0,2,128.590762
20.0,2,128.651488
20.0,2,128.725337
-1.0,2,128.79143
-1.0,2,128.859871
-1.0,2,128.933372
20.0,2,129.005389
-1.0,2,129.073241
-1.0,2,129.137056
-1.0,2,129.207601
20.0,2,129.278009
-1.0,2,129.34951
-1.0,2,129.422637
20.0,2,129.4957
-1.0,2,129.559274
20.0,2,129.630407
-1.0,2,129.699816
20.0,2,129.771934
-1.0,2,129.843865
-1.0,2,129.917906
-1.0,2,129.988902
-1.0,2,130.056652
20.0,2,130.13276
20.0,2,130.197439
-1.0,2,130.268942
20.0,2,130.339259
-1.0,2,130.409733
-1.0,2,130.483373
-1.0,2,130.551375
-1.0,2,130.621765
-1.0,2,130.689552
-1.0,2,130.761555
20.0,2,130.831999
20.0,2,130.907688
-1.0,2,130.970141
-1.0,2,131.042393
20.0,2,131.103658
20.0,2,131.175044
-1.0,2,131.23788
-1.0,2,131.30063
-1.0,2,131.365909
-1.0,2,131.431465
-1.0,2,131.495935
-1.0,2,131.566646
-1.0,2,131.633204
-1.0,2,131.700459
-1.0,2,131.773998
-1.0,2,131.839333
-1.0,2,131.911217
-1.0,2,131.97509
20.0,2,132.035871
-1.0,2,132.102485
-1.0,2,132.170349
20.0,2,132.242386
-1.0,2,132.314324
-1.0,2,132.384772
-1.0,2,132.45008
-1.0,2,132.518045
20.0,2,132.579421
-1.0,2,132.652319
-1.0,2,132.719779
-1.0,2,132.784642
-1.0,2,132.853362
-1.0,2,132.924974
-1.0,2,132.994054
-1.0,2,133.067441
-1.0,2,133.139657
-1.0,2,133.206906
-1.0,2,133.274122
-1.0,2,133.342855
-1.0,2,133.409488
-1.0,2,133.481788
-1.0,2,133.545287
20.0,2,133.619394
-1.0,2,133.682832
-1.0,2,133.746343
20.0,2,133.822128
-1.0,2,133.885791
-1.0,2,133.957016
-1.0,2,134.029406
-1.0,2,134.099992
-1.0,2,134.168911
-1.0,2,134.245185
-1.0,2,134.317327
20.0,2,134.389556
-1.0,2,134.457407
-1.0,2,134.529221
-1.0,2,134.600293
20.0,2,134.670898
-1.0,2,134.741637
-1.0,2,134.812289
-1.0,2,134.882812
-1.0,2,134.946422
20.0,2,135.02238
-1.0,2,135.088491
-1.0,2,135.161771
-1.0,2,135.234968
-1.0,2,135.307205
-1.0,2,135.372286
-1.0,2,135.445064
20.0,2,135.520844
20.0,2,135.595609
20.0,2,135.671372
20.0,2,135.736701
-1.0,2,135.809011
-1.0,2,135.882309
20.0,2,135.957764
-1.0,2,136.029114
-1.0,2,136.097306
20.0,2,136.158315
20.0,2,136.222924
-1.0,2,136.289355
-1.0,2,136.355837
20.0,2,136.426466
-1.0,2,136.492793
20.0,2,136.563009
-1.0,2,136.626245
20.0,2,136.696717
20.0,2,136.768289
-1.0,2,136.831672
-1.0,2,136.905151
-1.0,2,136.975513
-1.0,2,137.03754
-1.0,2,137.113104
-1.0,2,137.176104
-1.0,2,137.245543
-1.0,2,137.313601
-1.0,2,137.385734
20.0,2,137.458408
-1.0,2,137.523816
-1.0,2,137.595206
20.0,2,137.669593
-1.0,2,137.734823
-1.0,2,137.804051
-1.0,2,137.872442
20.0,2,137.942927
20.0,2,138.01364
-1.0,2,138.076921
-1.0,2,138.148933
20.0,2,138.223751
-1.0,2,138.290167
-1.0,2,138.357917
-1.0,2,138.430896
20.0,2,138.503725
-1.0,2,138.580143
-1.0,2,138.644858
20.0,2,138.715659
20.0,2,138.781458
20.0,2,138.853918
-1.0,2,138.920648
-1.0,2,138.991464
20.0,2,139.062397
-1.0,2,139.128458
-1.0,2,139.197259
-1.0,2,139.270418
-1.0,2,139.342655
20.0,2,139.415716
-1.0,2,139.48289
-1.0,2,139.550197
20.0,2,139.615474
20.0,2,139.680088
-1.0,2,139.753127
20.0,2,139.8184
-1.0,2,139.890083
-1.0,2,139.953939
-1.0,2,140.020669
20.0,2,140.091006
20.0,2,140.165186
-1.0,2,140.230507
-1.0,2,140.298319
-1.0,2,140.36939
-1.0,2,140.436776
-1.0,2,140.511688
-1.0,2,140.582839
-1.0,2,140.653901
-1.0,2,140.71771
-1.0,2,140.786277
-1.0,2,140.858319
-1.0,2,140.925366
20.0,2,141.000492
-1.0,2,141.07118
-1.0,2,141.139665
-1.0,2,141.203257
-1.0,2,141.266835
20.0,2,141.341242
-1.0,2,141.413413
-1.0,2,141.481199
20.0,2,141.55331
20.0,2,141.623904
-1.0,2,141.688046
-1.0,2,141.759061
20.0,2,141.830753
-1.0,2,141.903459
-1.0,2,141.969194
-1.0,2,142.037153
-1.0,2,142.10546
-1.0,2,142.171487
20.0,2,142.247762
-1.0,2,142.316297
-1.0,2,142.384726
20.0,2,142.455731
-1.0,2,142.517559
-1.0,2,142.593083
-1.0,2,142.663563
20.0,2,142.733913
20.0,2,142.798491
-1.0,2,142.866802
-1.0,2,142.935945
-1.0,2,143.011671
20.0,2,143.085765
-1.0,2,143.155618
-1.0,2,143.22808
-1.0,2,143.295332
-1.0,2,143.367729
20.0,2,143.429798
-1.0,2,143.502272
-1.0,2,143.571657
-1.0,2,143.639954
-1.0,2,143.715673
20.0,2,143.786559
20.0,2,143.847954
